{
  "mse_errors": {
    "mean": 0.36050447821617126,
    "std": 0.03309516981244087,
    "max": 0.40363287925720215,
    "min": 0.32024383544921875,
    "values": [
      0.3802374601364136,
      0.32024383544921875,
      0.337903767824173,
      0.40363287925720215
    ]
  },
  "endpoint_errors": {
    "mean": 0.17966815829277039,
    "std": 0.08948588371276855,
    "max": 0.2718505561351776,
    "min": 0.03250134736299515,
    "values": [
      0.19367730617523193,
      0.2718505561351776,
      0.22064343094825745,
      0.03250134736299515
    ]
  },
  "length_errors": {
    "mean": 2.5310797691345215,
    "std": 0.624127209186554,
    "max": 3.037773609161377,
    "min": 1.4671313762664795,
    "values": [
      2.8938140869140625,
      1.4671313762664795,
      2.725599765777588,
      3.037773609161377
    ]
  },
  "reconstruction_quality": {
    "excellent": 0,
    "good": 0,
    "fair": 0,
    "poor": 4
  }
}