{
  "converged": false,
  "final_loss": 0.015843508765101433,
  "convergence_epoch": null,
  "total_epochs": 10000,
  "batch_info": {
    "batch_size": 4,
    "trajectory_shape": [
      4,
      2,
      101
    ],
    "condition_shape": [
      4,
      5
    ]
  },
  "loss_statistics": {
    "min_loss": 0.0029803395736962557,
    "max_loss": 1.7163736820220947,
    "initial_loss": 1.7163736820220947,
    "final_loss": 0.015843508765101433,
    "loss_reduction_ratio": 108.33292722397192
  }
}