{
  "reconstruction_mse": 4.6086897782515734e-05,
  "correlations": {
    "trial_time": [
      [
        -0.0773607093525394,
        0.6586963859636873
      ],
      [
        -0.12664765191463054,
        0.468468180635899
      ],
      [
        -0.3713169733925721,
        0.028081236519307464
      ],
      [
        -0.020698164617951924,
        0.9060539142455302
      ]
    ],
    "trial_error": [
      [
        0.3873838467735384,
        0.02149601490358615
      ],
      [
        -0.20858566709638732,
        0.22917964822764633
      ],
      [
        0.08852780945480353,
        0.6130590771942869
      ],
      [
        -0.06030106606138979,
        0.7307686452208638
      ]
    ],
    "jerk": [
      [
        -0.13478362648227518,
        0.4401356812892248
      ],
      [
        -0.13582368177898543,
        0.4365827542320359
      ],
      [
        0.03165371279616825,
        0.8567522484990054
      ],
      [
        -0.14441332727059547,
        0.4078492742415549
      ]
    ],
    "path_efficiency": [
      [
        -0.21587757593561088,
        0.21294232236588487
      ],
      [
        -0.030751609253508724,
        0.8607943413413347
      ],
      [
        -0.2356084311632015,
        0.17303136847556
      ],
      [
        0.17512194885726734,
        0.31431341251300404
      ]
    ],
    "approach_angle": [
      [
        0.09440491361545313,
        0.5895896632161002
      ],
      [
        -0.05310648983881738,
        0.7619006611227537
      ],
      [
        -0.05967575578966406,
        0.7334585371209383
      ],
      [
        -0.29313226242136325,
        0.08745415216517757
      ]
    ],
    "sparc": [
      [
        -0.30457412909531445,
        0.07524254367952735
      ],
      [
        -0.007748501418736717,
        0.964763688838082
      ],
      [
        -0.26992424944940846,
        0.11684234258128907
      ],
      [
        -0.0820590097199272,
        0.6393352195885118
      ]
    ],
    "trial_variability": [
      [
        0.0,
        1.0
      ],
      [
        0.0,
        1.0
      ],
      [
        0.0,
        1.0
      ],
      [
        0.0,
        1.0
      ]
    ]
  },
  "performance_data": [
    {
      "subject_id": "s.miyama",
      "trial_num": 1,
      "is_expert": 0,
      "perf_block": 1.0,
      "perf_trial_time": 781.4310399999999,
      "perf_trial_error": 0.009331885373947761,
      "perf_jerk": 0.23823026873026598,
      "perf_path_efficiency": 0.04352089782113238,
      "perf_approach_angle": -31.090610448822908,
      "perf_sparc": 5.769436645157065,
      "perf_trial_variability": 0.06091889019472684
    },
    {
      "subject_id": "s.miyama",
      "trial_num": 2,
      "is_expert": 0,
      "perf_block": 1.0,
      "perf_trial_time": 780.9909500000001,
      "perf_trial_error": 0.015043752771499544,
      "perf_jerk": 0.11949348828072694,
      "perf_path_efficiency": 0.11088092462881975,
      "perf_approach_angle": -28.423100066341778,
      "perf_sparc": 7.103057853484029,
      "perf_trial_variability": 0.06091889019472684
    },
    {
      "subject_id": "s.miyama",
      "trial_num": 3,
      "is_expert": 0,
      "perf_block": 1.0,
      "perf_trial_time": 780.53104,
      "perf_trial_error": 0.010686631937612519,
      "perf_jerk": 0.13453860885782903,
      "perf_path_efficiency": 0.18022399752169005,
      "perf_approach_angle": 163.30075576629815,
      "perf_sparc": 5.666466649165219,
      "perf_trial_variability": 0.06091889019472684
    },
    {
      "subject_id": "s.miyama",
      "trial_num": 4,
      "is_expert": 0,
      "perf_block": 1.0,
      "perf_trial_time": 779.65094,
      "perf_trial_error": 0.010831962821211107,
      "perf_jerk": 0.11646129045993998,
      "perf_path_efficiency": 0.0965095128741791,
      "perf_approach_angle": 180.0,
      "perf_sparc": 6.0047583918507295,
      "perf_trial_variability": 0.06091889019472684
    },
    {
      "subject_id": "s.miyama",
      "trial_num": 5,
      "is_expert": 0,
      "perf_block": 1.0,
      "perf_trial_time": 779.96095,
      "perf_trial_error": 0.021802220670839943,
      "perf_jerk": 0.15856447644585642,
      "perf_path_efficiency": 0.02276487457677712,
      "perf_approach_angle": -88.79268073395552,
      "perf_sparc": 5.881690287398657,
      "perf_trial_variability": 0.06091889019472684
    },
    {
      "subject_id": "s.miyama",
      "trial_num": 6,
      "is_expert": 0,
      "perf_block": 1.0,
      "perf_trial_time": 779.67105,
      "perf_trial_error": 0.02340808928446745,
      "perf_jerk": 0.14384936848705374,
      "perf_path_efficiency": 0.11822771876614163,
      "perf_approach_angle": -59.74356283673853,
      "perf_sparc": 6.559379375296442,
      "perf_trial_variability": 0.06091889019472684
    },
    {
      "subject_id": "s.miyama",
      "trial_num": 7,
      "is_expert": 0,
      "perf_block": 1.0,
      "perf_trial_time": 780.1612500000001,
      "perf_trial_error": 0.02357412701268065,
      "perf_jerk": 0.14142058720119943,
      "perf_path_efficiency": 0.10257553233428424,
      "perf_approach_angle": 180.0,
      "perf_sparc": 6.429648055006896,
      "perf_trial_variability": 0.06091889019472684
    },
    {
      "subject_id": "s.miyama",
      "trial_num": 8,
      "is_expert": 0,
      "perf_block": 1.0,
      "perf_trial_time": 778.82124,
      "perf_trial_error": 0.009508055394290678,
      "perf_jerk": 0.1486166362282454,
      "perf_path_efficiency": 0.12752957378981286,
      "perf_approach_angle": -179.3806102967784,
      "perf_sparc": 5.649783089513947,
      "perf_trial_variability": 0.06091889019472684
    },
    {
      "subject_id": "s.miyama",
      "trial_num": 9,
      "is_expert": 0,
      "perf_block": 1.0,
      "perf_trial_time": 778.2512499999999,
      "perf_trial_error": 0.02342605717346817,
      "perf_jerk": 0.13184534779196141,
      "perf_path_efficiency": 0.07736359328838117,
      "perf_approach_angle": -20.61507244407429,
      "perf_sparc": 5.450557621507189,
      "perf_trial_variability": 0.06091889019472684
    },
    {
      "subject_id": "s.miyama",
      "trial_num": 10,
      "is_expert": 0,
      "perf_block": 1.0,
      "perf_trial_time": 778.2412400000001,
      "perf_trial_error": 0.021531612526304186,
      "perf_jerk": 0.11002637376682099,
      "perf_path_efficiency": 0.06747590790019609,
      "perf_approach_angle": 179.1777863599227,
      "perf_sparc": 6.347855423812547,
      "perf_trial_variability": 0.06091889019472684
    },
    {
      "subject_id": "s.miyama",
      "trial_num": 11,
      "is_expert": 0,
      "perf_block": 1.0,
      "perf_trial_time": 777.9712000000001,
      "perf_trial_error": 0.010234668098585323,
      "perf_jerk": 0.10836813276553871,
      "perf_path_efficiency": 0.08937778343880687,
      "perf_approach_angle": 0.0,
      "perf_sparc": 5.6280038024743835,
      "perf_trial_variability": 0.06091889019472684
    },
    {
      "subject_id": "s.miyama",
      "trial_num": 12,
      "is_expert": 0,
      "perf_block": 1.0,
      "perf_trial_time": 778.2012,
      "perf_trial_error": 0.026018896977826732,
      "perf_jerk": 0.12724367565893718,
      "perf_path_efficiency": 0.05182545008154572,
      "perf_approach_angle": 0.0,
      "perf_sparc": 5.819785379584859,
      "perf_trial_variability": 0.06091889019472684
    },
    {
      "subject_id": "s.miyama",
      "trial_num": 13,
      "is_expert": 0,
      "perf_block": 1.0,
      "perf_trial_time": 778.7312000000001,
      "perf_trial_error": 0.01458119029415637,
      "perf_jerk": 0.13577941448570496,
      "perf_path_efficiency": 0.13941375764547922,
      "perf_approach_angle": 180.0,
      "perf_sparc": 5.667832359179626,
      "perf_trial_variability": 0.06091889019472684
    },
    {
      "subject_id": "s.miyama",
      "trial_num": 14,
      "is_expert": 0,
      "perf_block": 1.0,
      "perf_trial_time": 777.7212,
      "perf_trial_error": 0.004038906923908982,