{
  "reconstruction_mse": 4.5940254494780675e-05,
  "correlations": {
    "trial_time": [
      [
        -0.1642526750346636,
        0.345749313357269
      ],
      [
        -0.14657093913700112,
        0.4008046718811769
      ],
      [
        0.2616042308456798,
        0.12900424486673884
      ],
      [
        -0.3257913097014313,
        0.05614826546497979
      ],
      [
        0.13404409488919292,
        0.4426715816464964
      ],
      [
        -0.14503215438438682,
        0.40582164370744306
      ],
      [
        -0.07054367243122231,
        0.6871780638906255
      ],
      [
        0.07902286630717113,
        0.6518210273100192
      ]
    ],
    "trial_error": [
      [
        -0.1436463105158781,
        0.4103704309260213
      ],
      [
        -0.0428002850724806,
        0.8071334351025116
      ],
      [
        -0.04258361190711759,
        0.8080915825949099
      ],
      [
        -0.0031354753264597537,
        0.9857377267479204
      ],
      [
        -0.03627360734300103,
        0.8361099355913885
      ],
      [
        0.07387986551343002,
        0.6731834980153764
      ],
      [
        0.061325552098113384,
        0.7263684522091681
      ],
      [
        -0.3463241773186788,
        0.04154719429623914
      ]
    ],
    "jerk": [
      [
        -0.1724851375174935,
        0.32176942505229583
      ],
      [
        -0.12141950225528926,
        0.4871698963599941
      ],
      [
        0.2574611845565776,
        0.13539903236116232
      ],
      [
        0.04705849315542235,
        0.7883609268491228
      ],
      [
        -0.19677309625792133,
        0.25722791032107206
      ],
      [
        -0.29183655910499556,
        0.08892787335493597
      ],
      [
        -0.22061111416560697,
        0.20283622429034945
      ],
      [
        -0.007860768638310865,
        0.9642534772280903
      ]
    ],
    "path_efficiency": [
      [
        -0.1115123201280833,
        0.5236360592076363
      ],
      [
        -0.039521009719943524,
        0.8216634240333439
      ],
      [
        0.06233061459171615,
        0.7220600340882251
      ],
      [
        0.19107494450894313,
        0.2715369449179063
      ],
      [
        0.15613396280581382,
        0.3704316194734188
      ],
      [
        0.2088908871053287,
        0.22848360991391178
      ],
      [
        0.12391123328601643,
        0.47820906306560323
      ],
      [
        0.09059048019718428,
        0.6047772724294617
      ]
    ],
    "approach_angle": [
      [
        0.005552642558247518,
        0.9747455471522939
      ],
      [
        0.0640762321608876,
        0.7145970801215072
      ],
      [
        0.18551234013179455,
        0.2859976331246402
      ],
      [
        -0.06494503738196411,
        0.7108923481622965
      ],
      [
        0.0010624947034992504,
        0.9951668345149489
      ],
      [
        0.15248651124152998,
        0.38185161260001377
      ],
      [
        0.2571536538442668,
        0.1358828477940632
      ],
      [
        0.2715027503640093,
        0.11463528128254521
      ]
    ],
    "sparc": [
      [
        0.1100716783010806,
        0.5290476171447882
      ],
      [
        -0.29024043432038493,
        0.09076943180614472
      ],
      [
        0.02749295353018548,
        0.8754238108547638
      ],
      [
        0.033424747835178,
        0.8488272040902572
      ],
      [
        -0.05789643896632936,
        0.7411296052871477
      ],
      [
        -0.23805010280690872,
        0.16849158766335864
      ],
      [
        -0.011237921392639155,
        0.9489130353747433
      ],
      [
        -0.11787490252636254,
        0.5000645202548956
      ]
    ],
    "trial_variability": [
      [
        0.0,
        1.0
      ],
      [
        0.0,
        1.0
      ],
      [
        0.0,
        1.0
      ],
      [
        0.0,
        1.0
      ],
      [
        0.0,
        1.0
      ],
      [
        0.0,
        1.0
      ],
      [
        0.0,
        1.0
      ],
      [
        0.0,
        1.0
      ]
    ]
  },
  "performance_data": [
    {
      "subject_id": "s.miyama",
      "trial_num": 1,
      "is_expert": 0,
      "perf_block": 1.0,
      "perf_trial_time": 781.4310399999999,
      "perf_trial_error": 0.009331885373947761,
      "perf_jerk": 0.23823026873026598,
      "perf_path_efficiency": 0.04352089782113238,
      "perf_approach_angle": -31.090610448822908,
      "perf_sparc": 5.769436645157065,
      "perf_trial_variability": 0.06091889019472684
    },
    {
      "subject_id": "s.miyama",
      "trial_num": 2,
      "is_expert": 0,
      "perf_block": 1.0,
      "perf_trial_time": 780.9909500000001,
      "perf_trial_error": 0.015043752771499544,
      "perf_jerk": 0.11949348828072694,
      "perf_path_efficiency": 0.11088092462881975,
      "perf_approach_angle": -28.423100066341778,
      "perf_sparc": 7.103057853484029,
      "perf_trial_variability": 0.06091889019472684
    },
    {
      "subject_id": "s.miyama",
      "trial_num": 3,
      "is_expert": 0,
      "perf_block": 1.0,
      "perf_trial_time": 780.53104,
      "perf_trial_error": 0.010686631937612519,
      "perf_jerk": 0.13453860885782903,
      "perf_path_efficiency": 0.18022399752169005,
      "perf_approach_angle": 163.30075576629815,
      "perf_sparc": 5.666466649165219,
      "perf_trial_variability": 0.06091889019472684
    },
    {
      "subject_id": "s.miyama",
      "trial_num": 4,
      "is_expert": 0,
      "perf_block": 1.0,
      "perf_trial_time": 779.65094,
      "perf_trial_error": 0.010831962821211107,
      "perf_jerk": 0.11646129045993998,
      "perf_path_efficiency": 0.0965095128741791,
      "perf_approach_angle": 180.0,
      "perf_sparc": 6.0047583918507295,
      "perf_trial_variability": 0.06091889019472684
    },
    {
      "subject_id": "s.miyama",
      "trial_num": 5,
      "is_expert": 0,
      "perf_block": 1.0,
      "perf_trial_time": 779.96095,
      "perf_trial_error": 0.021802220670839943,
      "perf_jerk": 0.15856447644585642,
      "perf_path_efficiency": 0.02276487457677712,
      "perf_approach_angle": -88.79268073395552,
      "perf_sparc": 5.881690287398657,
      "perf_trial_variability": 0.06091889019472684
    },
    {
      "subject_id": "s.miyama",
      "trial_num": 6,
      "is_expert": 0,
      "perf_block": 1.0,
      "perf_trial_time": 779.67105,
      "perf_trial_error": 0.02340808928446745,
      "perf_jerk": 0.14384936848705374,
      "perf_path_efficiency": 0.11822771876614163,
      "perf_approach_angle": -59.74356283673853,
      "perf_sparc": 6.559379375296442,
      "perf_trial_variability": 0.06091889019472684
    },
    {
      "subject_id": "s.miyama",
      "trial_num": 7,
      "is_expert": 0,
      "perf_block": 1.0,
      "perf_trial_time": 780.1612500000001,
      "perf_trial_error": 0.02357412701268065,
      "perf_jerk": 0.14142058720119943,
      "perf_path_efficiency": 0.10257553233428424,
      "perf_approach_angle": 180.0,
      "perf_sparc": 6.429648055006896,
      "perf_trial_variability": 0.06091889019472684
    },
    {
      "subject_id": "s.miyama",
      "trial_num": 8,
      "is_expert": 0,
      "perf_block": 1.0,
      "perf_trial_time": 778.82124,
      "perf_trial_error": 0.009508055394290678,
      "perf_jerk": 0.1486166362282454,
      "perf_path_efficiency": 0.12752957378981286,
      "perf_approach_angle": -179.3806102967784,
      "perf_sparc": 5.649783089513947,
      "perf_trial_variability": 0.06091889019472684
    },
    {
      "subject_id": "s.miyama",
      "trial_num": 9,
      "is_expert": 0,
      "perf_block": 1.0,
      "perf_trial_time": 778.2512499999999,
      "perf_trial_error": 0.02342605717346817,
      "perf_jerk": 0.13184534779196141,
      "perf_path_efficiency": 0.07736359328838117,
      "perf_approach_angle": -20.61507244407429,
      "perf_sparc": 5.450557621507189,