{
  "reconstruction_mse": 4.617257582140155e-05,
  "correlations": {
    "trial_time": [
      [
        0.0450885115608619,
        0.7970317995634624
      ],
      [
        0.010000471890282017,
        0.9545322408150486
      ],
      [
        0.021906880936198487,
        0.9005941292511433
      ],
      [
        -0.042864734360104184,
        0.8068484879560015
      ],
      [
        0.03805167061874942,
        0.8281931332803728
      ],
      [
        0.1432052710846683,
        0.4118241013563219
      ],
      [
        0.20290696751530887,
        0.24239251186541205
      ],
      [
        -0.24760632765218857,
        0.15154337460643694
      ]
    ],
    "trial_error": [
      [
        0.08522251271659509,
        0.6264285807879685
      ],
      [
        -0.23473447232113331,
        0.1746773100790122
      ],
      [
        -0.13197012651020323,
        0.44982568209335033
      ],
      [
        -0.03082970831445381,
        0.8604442605776114
      ],
      [
        -0.29452426492121553,
        0.0858919131629734
      ],
      [
        -0.2306173350951579,
        0.18258117333693047
      ],
      [
        -0.048819780977983195,
        0.7806297054985041
      ],
      [
        -0.22308883833293525,
        0.197681314100654
      ]
    ],
    "jerk": [
      [
        0.19776680370888788,
        0.25478464335239276
      ],
      [
        0.11959236314554389,
        0.4937952277468416
      ],
      [
        0.02966146762270575,
        0.8656836199030562
      ],
      [
        -0.04407214525829529,
        0.8015147658625585
      ],
      [
        0.21077393891185991,
        0.22422116282415563
      ],
      [
        -0.2543326833247876,
        0.14038041357970502
      ],
      [
        -0.0009601649581273785,
        0.9956323160172758
      ],
      [
        0.013988966159685938,
        0.9364297245112936
      ]
    ],
    "path_efficiency": [
      [
        0.007535802412851329,
        0.965730362103693
      ],
      [
        -0.11010592787023041,
        0.5289186495404024
      ],
      [
        -0.1343363743299749,
        0.4416683860555827
      ],
      [
        0.15427961312301158,
        0.37621199145924267
      ],
      [
        0.3287094887469032,
        0.05385459789436898
      ],
      [
        0.24876783527382088,
        0.1495711019128765
      ],
      [
        0.046072501623203546,
        0.7926977118483274
      ],
      [
        0.10099480233287554,
        0.563754892760813
      ]
    ],
    "approach_angle": [
      [
        -0.1472813685558134,
        0.3985004698538674
      ],
      [
        -0.07588695284241713,
        0.664815565963582
      ],
      [
        0.272257708806601,
        0.1135908231258037
      ],
      [
        0.04442884407934336,
        0.7999407286676534
      ],
      [
        -0.26116999160058385,
        0.1296637957745737
      ],
      [
        -0.04740951447554095,
        0.7868184963212418
      ],
      [
        0.17811712354743586,
        0.3059766631553746
      ],
      [
        -0.3697896710517037,
        0.02878526236561735
      ]
    ],
    "sparc": [
      [
        0.07472932794350656,
        0.6696371435119013
      ],
      [
        0.2667427955523719,
        0.1213871287303742
      ],
      [
        -0.01979666533291384,
        0.9101287690392291
      ],
      [
        0.27188426765465323,
        0.11410656874322476
      ],
      [
        -0.007778166871223704,
        0.9646288693474653
      ],
      [
        0.36637308079882824,
        0.03041272116609878
      ],
      [
        -0.006028699234318832,
        0.9725811336631062
      ],
      [
        0.040239111911924294,
        0.8184764474793125
      ]
    ],
    "trial_variability": [
      [
        0.0,
        1.0
      ],
      [
        0.0,
        1.0
      ],
      [
        0.0,
        1.0
      ],
      [
        0.0,
        1.0
      ],
      [
        0.0,
        1.0
      ],
      [
        0.0,
        1.0
      ],
      [
        0.0,
        1.0
      ],
      [
        0.0,
        1.0
      ]
    ]
  },
  "performance_data": [
    {
      "subject_id": "s.miyama",
      "trial_num": 1,
      "is_expert": 0,
      "perf_block": 1.0,
      "perf_trial_time": 781.4310399999999,
      "perf_trial_error": 0.009331885373947761,
      "perf_jerk": 0.23823026873026598,
      "perf_path_efficiency": 0.04352089782113238,
      "perf_approach_angle": -31.090610448822908,
      "perf_sparc": 5.769436645157065,
      "perf_trial_variability": 0.06091889019472684
    },
    {
      "subject_id": "s.miyama",
      "trial_num": 2,
      "is_expert": 0,
      "perf_block": 1.0,
      "perf_trial_time": 780.9909500000001,
      "perf_trial_error": 0.015043752771499544,
      "perf_jerk": 0.11949348828072694,
      "perf_path_efficiency": 0.11088092462881975,
      "perf_approach_angle": -28.423100066341778,
      "perf_sparc": 7.103057853484029,
      "perf_trial_variability": 0.06091889019472684
    },
    {
      "subject_id": "s.miyama",
      "trial_num": 3,
      "is_expert": 0,
      "perf_block": 1.0,
      "perf_trial_time": 780.53104,
      "perf_trial_error": 0.010686631937612519,
      "perf_jerk": 0.13453860885782903,
      "perf_path_efficiency": 0.18022399752169005,
      "perf_approach_angle": 163.30075576629815,
      "perf_sparc": 5.666466649165219,
      "perf_trial_variability": 0.06091889019472684
    },
    {
      "subject_id": "s.miyama",
      "trial_num": 4,
      "is_expert": 0,
      "perf_block": 1.0,
      "perf_trial_time": 779.65094,
      "perf_trial_error": 0.010831962821211107,
      "perf_jerk": 0.11646129045993998,
      "perf_path_efficiency": 0.0965095128741791,
      "perf_approach_angle": 180.0,
      "perf_sparc": 6.0047583918507295,
      "perf_trial_variability": 0.06091889019472684
    },
    {
      "subject_id": "s.miyama",
      "trial_num": 5,
      "is_expert": 0,
      "perf_block": 1.0,
      "perf_trial_time": 779.96095,
      "perf_trial_error": 0.021802220670839943,
      "perf_jerk": 0.15856447644585642,
      "perf_path_efficiency": 0.02276487457677712,
      "perf_approach_angle": -88.79268073395552,
      "perf_sparc": 5.881690287398657,
      "perf_trial_variability": 0.06091889019472684
    },
    {
      "subject_id": "s.miyama",
      "trial_num": 6,
      "is_expert": 0,
      "perf_block": 1.0,
      "perf_trial_time": 779.67105,
      "perf_trial_error": 0.02340808928446745,
      "perf_jerk": 0.14384936848705374,
      "perf_path_efficiency": 0.11822771876614163,
      "perf_approach_angle": -59.74356283673853,
      "perf_sparc": 6.559379375296442,
      "perf_trial_variability": 0.06091889019472684
    },
    {
      "subject_id": "s.miyama",
      "trial_num": 7,
      "is_expert": 0,
      "perf_block": 1.0,
      "perf_trial_time": 780.1612500000001,
      "perf_trial_error": 0.02357412701268065,
      "perf_jerk": 0.14142058720119943,
      "perf_path_efficiency": 0.10257553233428424,
      "perf_approach_angle": 180.0,
      "perf_sparc": 6.429648055006896,
      "perf_trial_variability": 0.06091889019472684
    },
    {
      "subject_id": "s.miyama",
      "trial_num": 8,
      "is_expert": 0,
      "perf_block": 1.0,
      "perf_trial_time": 778.82124,
      "perf_trial_error": 0.009508055394290678,
      "perf_jerk": 0.1486166362282454,
      "perf_path_efficiency": 0.12752957378981286,
      "perf_approach_angle": -179.3806102967784,
      "perf_sparc": 5.649783089513947,
      "perf_trial_variability": 0.06091889019472684
    },
    {
      "subject_id": "s.miyama",
      "trial_num": 9,
      "is_expert": 0,
      "perf_block": 1.0,
      "perf_trial_time": 778.2512499999999,
      "perf_trial_error": 0.02342605717346817,
      "perf_jerk": 0.13184534779196141,
      "perf_path_efficiency": 0.07736359328838117,
      "perf_approach_angle": -20.61507244407429,
      "perf_sparc": 5.450557621507189,