{
  "reconstruction_mse": 4.520652873907238e-05,
  "correlations": {
    "trial_time": [
      [
        0.03902916636501852,
        0.8238478756452094
      ],
      [
        0.052079071261495205,
        0.7663778867745622
      ],
      [
        -0.2690783510440784,
        0.11803809547054225
      ],
      [
        0.009275954229059928,
        0.9578232625367906
      ],
      [
        0.016531782269637772,
        0.9249044586394339
      ],
      [
        0.057935779066710484,
        0.7409597318748121
      ],
      [
        -0.02359731193199757,
        0.8929660052783794
      ],
      [
        -0.056731998154421655,
        0.7461631636167405
      ]
    ],
    "trial_error": [
      [
        -0.2938572377443758,
        0.08663781006169656
      ],
      [
        -0.23724867959683713,
        0.169972166623555
      ],
      [
        -0.017179985582983122,
        0.921968799770016
      ],
      [
        -0.060269821874935674,
        0.7309029734600067
      ],
      [
        0.03643181777524012,
        0.8354048517695977
      ],
      [
        0.280673453688057,
        0.10242684648781021
      ],
      [
        0.0546861569739367,
        0.7550317273951601
      ],
      [
        -0.07149138890542772,
        0.6831919569736863
      ]
    ],
    "jerk": [
      [
        0.16168742586353857,
        0.3534376763124217
      ],
      [
        0.15202397132835985,
        0.3833143642232222
      ],
      [
        -0.009104283865582756,
        0.9586031540142391
      ],
      [
        0.20462617109538292,
        0.23833960328601933
      ],
      [
        0.20809285488193663,
        0.2303065156964817
      ],
      [
        -0.014900814787707335,
        0.9322952055328075
      ],
      [
        0.05282263526588101,
        0.7631368734076812
      ],
      [
        0.1817492886766341,
        0.2960563390707532
      ]
    ],
    "path_efficiency": [
      [
        -0.07563943540249975,
        0.6658453882418343
      ],
      [
        -0.14009653339272676,
        0.4221528351375021
      ],
      [
        -0.4176269792348769,
        0.012551805374491017
      ],
      [
        -0.2582566858973458,
        0.13415341693249416
      ],
      [
        -0.06312086451418407,
        0.718678343490173
      ],
      [
        0.27413010533861293,
        0.11103128667157622
      ],
      [
        -0.1378372393202629,
        0.4297492502143708
      ],
      [
        -0.1733665494999054,
        0.31926493724973876
      ]
    ],
    "approach_angle": [
      [
        0.056000599361179806,
        0.7493301054623137
      ],
      [
        0.12445303674211618,
        0.4762720545467939
      ],
      [
        -0.004776496788941844,
        0.978274702938008
      ],
      [
        0.2070820374471283,
        0.23262959669380817
      ],
      [
        0.21531108324833048,
        0.21417459656765678
      ],
      [
        -0.17448420045755234,
        0.3161067344206321
      ],
      [
        -0.22296567486174662,
        0.19793537574529876
      ],
      [
        -0.07024628905737311,
        0.688430579615232
      ]
    ],
    "sparc": [
      [
        0.25745802508985044,
        0.13540399645730541
      ],
      [
        -0.09695638385872632,
        0.5795253213992463
      ],
      [
        -0.04249811523883361,
        0.8084697318892049
      ],
      [
        -0.1405546993692078,
        0.42062155503689075
      ],
      [
        -0.026887002092200504,
        0.8781488113886116
      ],
      [
        0.19531147096641355,
        0.2608497536878626
      ],
      [
        -0.12661739083651863,
        0.4685753254028802
      ],
      [
        0.13776426996889085,
        0.4299958499889425
      ]
    ],
    "trial_variability": [
      [
        0.0,
        1.0
      ],
      [
        0.0,
        1.0
      ],
      [
        0.0,
        1.0
      ],
      [
        0.0,
        1.0
      ],
      [
        0.0,
        1.0
      ],
      [
        0.0,
        1.0
      ],
      [
        0.0,
        1.0
      ],
      [
        0.0,
        1.0
      ]
    ]
  },
  "performance_data": [
    {
      "subject_id": "s.miyama",
      "trial_num": 1,
      "is_expert": 0,
      "perf_block": 1.0,
      "perf_trial_time": 781.4310399999999,
      "perf_trial_error": 0.009331885373947761,
      "perf_jerk": 0.23823026873026598,
      "perf_path_efficiency": 0.04352089782113238,
      "perf_approach_angle": -31.090610448822908,
      "perf_sparc": 5.769436645157065,
      "perf_trial_variability": 0.06091889019472684
    },
    {
      "subject_id": "s.miyama",
      "trial_num": 2,
      "is_expert": 0,
      "perf_block": 1.0,
      "perf_trial_time": 780.9909500000001,
      "perf_trial_error": 0.015043752771499544,
      "perf_jerk": 0.11949348828072694,
      "perf_path_efficiency": 0.11088092462881975,
      "perf_approach_angle": -28.423100066341778,
      "perf_sparc": 7.103057853484029,
      "perf_trial_variability": 0.06091889019472684
    },
    {
      "subject_id": "s.miyama",
      "trial_num": 3,
      "is_expert": 0,
      "perf_block": 1.0,
      "perf_trial_time": 780.53104,
      "perf_trial_error": 0.010686631937612519,
      "perf_jerk": 0.13453860885782903,
      "perf_path_efficiency": 0.18022399752169005,
      "perf_approach_angle": 163.30075576629815,
      "perf_sparc": 5.666466649165219,
      "perf_trial_variability": 0.06091889019472684
    },
    {
      "subject_id": "s.miyama",
      "trial_num": 4,
      "is_expert": 0,
      "perf_block": 1.0,
      "perf_trial_time": 779.65094,
      "perf_trial_error": 0.010831962821211107,
      "perf_jerk": 0.11646129045993998,
      "perf_path_efficiency": 0.0965095128741791,
      "perf_approach_angle": 180.0,
      "perf_sparc": 6.0047583918507295,
      "perf_trial_variability": 0.06091889019472684
    },
    {
      "subject_id": "s.miyama",
      "trial_num": 5,
      "is_expert": 0,
      "perf_block": 1.0,
      "perf_trial_time": 779.96095,
      "perf_trial_error": 0.021802220670839943,
      "perf_jerk": 0.15856447644585642,
      "perf_path_efficiency": 0.02276487457677712,
      "perf_approach_angle": -88.79268073395552,
      "perf_sparc": 5.881690287398657,
      "perf_trial_variability": 0.06091889019472684
    },
    {
      "subject_id": "s.miyama",
      "trial_num": 6,
      "is_expert": 0,
      "perf_block": 1.0,
      "perf_trial_time": 779.67105,
      "perf_trial_error": 0.02340808928446745,
      "perf_jerk": 0.14384936848705374,
      "perf_path_efficiency": 0.11822771876614163,
      "perf_approach_angle": -59.74356283673853,
      "perf_sparc": 6.559379375296442,
      "perf_trial_variability": 0.06091889019472684
    },
    {
      "subject_id": "s.miyama",
      "trial_num": 7,
      "is_expert": 0,
      "perf_block": 1.0,
      "perf_trial_time": 780.1612500000001,
      "perf_trial_error": 0.02357412701268065,
      "perf_jerk": 0.14142058720119943,
      "perf_path_efficiency": 0.10257553233428424,
      "perf_approach_angle": 180.0,
      "perf_sparc": 6.429648055006896,
      "perf_trial_variability": 0.06091889019472684
    },
    {
      "subject_id": "s.miyama",
      "trial_num": 8,
      "is_expert": 0,
      "perf_block": 1.0,
      "perf_trial_time": 778.82124,
      "perf_trial_error": 0.009508055394290678,
      "perf_jerk": 0.1486166362282454,
      "perf_path_efficiency": 0.12752957378981286,
      "perf_approach_angle": -179.3806102967784,
      "perf_sparc": 5.649783089513947,
      "perf_trial_variability": 0.06091889019472684
    },
    {
      "subject_id": "s.miyama",
      "trial_num": 9,
      "is_expert": 0,
      "perf_block": 1.0,
      "perf_trial_time": 778.2512499999999,
      "perf_trial_error": 0.02342605717346817,
      "perf_jerk": 0.13184534779196141,
      "perf_path_efficiency": 0.07736359328838117,
      "perf_approach_angle": -20.61507244407429,
      "perf_sparc": 5.450557621507189,