{
  "reconstruction_mse": 4.575778802973218e-05,
  "correlations": {
    "trial_time": [
      [
        0.18997348896709174,
        0.274361674828293
      ],
      [
        -0.16095399498928903,
        0.3556546571223272
      ],
      [
        -0.02763203221245495,
        0.8747985631174136
      ],
      [
        -0.1200847409082886,
        0.4920053185298484
      ],
      [
        0.23125616778897565,
        0.18133848976357525
      ],
      [
        -0.019220943439050897,
        0.912732268602145
      ],
      [
        -0.01218768272200734,
        0.9446018386708577
      ],
      [
        -0.17509138093447102,
        0.31439922236568985
      ]
    ],
    "trial_error": [
      [
        0.3244031145611306,
        0.057266260295076025
      ],
      [
        -0.20691196340258747,
        0.23302201683805418
      ],
      [
        0.1141681622614351,
        0.5137312905020487
      ],
      [
        -0.16784908013396888,
        0.33514313139643115
      ],
      [
        0.02543805066057343,
        0.8846703626740512
      ],
      [
        -0.032617315940864824,
        0.852438548804384
      ],
      [
        0.32949106635097103,
        0.053253121490692654
      ],
      [
        0.20951069223095817,
        0.22707459781355827
      ]
    ],
    "jerk": [
      [
        -0.008361723459330478,
        0.961977001915759
      ],
      [
        -0.11939058057831001,
        0.49452971383709793
      ],
      [
        -0.17328293403075734,
        0.31950200264570616
      ],
      [
        -0.09140346442830695,
        0.6015262734911986
      ],
      [
        0.0631086720874513,
        0.7187304784467929
      ],
      [
        -0.09672910486758624,
        0.5804187023684769
      ],
      [
        -0.2492789021964404,
        0.14870923811729148
      ],
      [
        -0.0075403246012156686,
        0.965709809182437
      ]
    ],
    "path_efficiency": [
      [
        0.029442007568143257,
        0.8666684960120382
      ],
      [
        0.09873838585965801,
        0.5725421119050237
      ],
      [
        -0.014951995949039211,
        0.93206318970336
      ],
      [
        0.09652465329771458,
        0.5812228793651435
      ],
      [
        0.1747001752037992,
        0.31549870655712103
      ],
      [
        0.08842247257262138,
        0.613483293030567
      ],
      [
        -0.32077132713293716,
        0.06027477312026202
      ],
      [
        -0.37087642985358266,
        0.028282841880446552
      ]
    ],
    "approach_angle": [
      [
        0.024013278755750222,
        0.8910903621186624
      ],
      [
        0.24350353955450005,
        0.15866121185105797
      ],
      [
        -0.17760177214554132,
        0.3074010362167679
      ],
      [
        0.22126047496819623,
        0.20147629035283757
      ],
      [
        0.09413404137181271,
        0.5906626216027935
      ],
      [
        0.08902749302463973,
        0.6110484221225142
      ],
      [
        0.18060299360965001,
        0.2991647163967008
      ],
      [
        0.03016097212248871,
        0.8634427254887924
      ]
    ],
    "sparc": [
      [
        -0.21247229995465583,
        0.2204235538630431
      ],
      [
        -0.025747885694240868,
        0.8832751922052811
      ],
      [
        -0.042183521848404605,
        0.8098615361367714
      ],
      [
        0.04408639204062716,
        0.801451883017498
      ],
      [
        -0.21872339467717386,
        0.20682577884882095
      ],
      [
        0.05069922700622691,
        0.77240259439302
      ],
      [
        0.05080591268225857,
        0.7719363089671276
      ],
      [
        -0.0383536598550943,
        0.8268501601468098
      ]
    ],
    "trial_variability": [
      [
        0.0,
        1.0
      ],
      [
        0.0,
        1.0
      ],
      [
        0.0,
        1.0
      ],
      [
        0.0,
        1.0
      ],
      [
        0.0,
        1.0
      ],
      [
        0.0,
        1.0
      ],
      [
        0.0,
        1.0
      ],
      [
        0.0,
        1.0
      ]
    ]
  },
  "performance_data": [
    {
      "subject_id": "s.miyama",
      "trial_num": 1,
      "is_expert": 0,
      "perf_block": 1.0,
      "perf_trial_time": 781.4310399999999,
      "perf_trial_error": 0.009331885373947761,
      "perf_jerk": 0.23823026873026598,
      "perf_path_efficiency": 0.04352089782113238,
      "perf_approach_angle": -31.090610448822908,
      "perf_sparc": 5.769436645157065,
      "perf_trial_variability": 0.06091889019472684
    },
    {
      "subject_id": "s.miyama",
      "trial_num": 2,
      "is_expert": 0,
      "perf_block": 1.0,
      "perf_trial_time": 780.9909500000001,
      "perf_trial_error": 0.015043752771499544,
      "perf_jerk": 0.11949348828072694,
      "perf_path_efficiency": 0.11088092462881975,
      "perf_approach_angle": -28.423100066341778,
      "perf_sparc": 7.103057853484029,
      "perf_trial_variability": 0.06091889019472684
    },
    {
      "subject_id": "s.miyama",
      "trial_num": 3,
      "is_expert": 0,
      "perf_block": 1.0,
      "perf_trial_time": 780.53104,
      "perf_trial_error": 0.010686631937612519,
      "perf_jerk": 0.13453860885782903,
      "perf_path_efficiency": 0.18022399752169005,
      "perf_approach_angle": 163.30075576629815,
      "perf_sparc": 5.666466649165219,
      "perf_trial_variability": 0.06091889019472684
    },
    {
      "subject_id": "s.miyama",
      "trial_num": 4,
      "is_expert": 0,
      "perf_block": 1.0,
      "perf_trial_time": 779.65094,
      "perf_trial_error": 0.010831962821211107,
      "perf_jerk": 0.11646129045993998,
      "perf_path_efficiency": 0.0965095128741791,
      "perf_approach_angle": 180.0,
      "perf_sparc": 6.0047583918507295,
      "perf_trial_variability": 0.06091889019472684
    },
    {
      "subject_id": "s.miyama",
      "trial_num": 5,
      "is_expert": 0,
      "perf_block": 1.0,
      "perf_trial_time": 779.96095,
      "perf_trial_error": 0.021802220670839943,
      "perf_jerk": 0.15856447644585642,
      "perf_path_efficiency": 0.02276487457677712,
      "perf_approach_angle": -88.79268073395552,
      "perf_sparc": 5.881690287398657,
      "perf_trial_variability": 0.06091889019472684
    },
    {
      "subject_id": "s.miyama",
      "trial_num": 6,
      "is_expert": 0,
      "perf_block": 1.0,
      "perf_trial_time": 779.67105,
      "perf_trial_error": 0.02340808928446745,
      "perf_jerk": 0.14384936848705374,
      "perf_path_efficiency": 0.11822771876614163,
      "perf_approach_angle": -59.74356283673853,
      "perf_sparc": 6.559379375296442,
      "perf_trial_variability": 0.06091889019472684
    },
    {
      "subject_id": "s.miyama",
      "trial_num": 7,
      "is_expert": 0,
      "perf_block": 1.0,
      "perf_trial_time": 780.1612500000001,
      "perf_trial_error": 0.02357412701268065,
      "perf_jerk": 0.14142058720119943,
      "perf_path_efficiency": 0.10257553233428424,
      "perf_approach_angle": 180.0,
      "perf_sparc": 6.429648055006896,
      "perf_trial_variability": 0.06091889019472684
    },
    {
      "subject_id": "s.miyama",
      "trial_num": 8,
      "is_expert": 0,
      "perf_block": 1.0,
      "perf_trial_time": 778.82124,
      "perf_trial_error": 0.009508055394290678,
      "perf_jerk": 0.1486166362282454,
      "perf_path_efficiency": 0.12752957378981286,
      "perf_approach_angle": -179.3806102967784,
      "perf_sparc": 5.649783089513947,
      "perf_trial_variability": 0.06091889019472684
    },
    {
      "subject_id": "s.miyama",
      "trial_num": 9,
      "is_expert": 0,
      "perf_block": 1.0,
      "perf_trial_time": 778.2512499999999,
      "perf_trial_error": 0.02342605717346817,
      "perf_jerk": 0.13184534779196141,
      "perf_path_efficiency": 0.07736359328838117,
      "perf_approach_angle": -20.61507244407429,
      "perf_sparc": 5.450557621507189,