{
  "reconstruction_mse": 4.48837126896251e-05,
  "correlations": {
    "trial_time": [
      [
        0.017019492522893573,
        0.922695566542975
      ],
      [
        -0.009616308096535138,
        0.9562771632865588
      ],
      [
        0.2226600739013191,
        0.1985667530580775
      ],
      [
        -0.07620851400156636,
        0.6634785777423835
      ],
      [
        -0.2008847428054719,
        0.24721861558221284
      ],
      [
        -0.3931730774967823,
        0.019462542425102328
      ],
      [
        -0.14944873062670072,
        0.39151804425013514
      ],
      [
        -0.24383312742887106,
        0.1580806613010695
      ]
    ],
    "trial_error": [
      [
        -0.07234848838822198,
        0.6795942227449906
      ],
      [
        0.1856687012182372,
        0.2855845019691453
      ],
      [
        -0.03960203603047256,
        0.8213036833415578
      ],
      [
        0.007819853628254943,
        0.9644394187069727
      ],
      [
        0.12786364787999338,
        0.4641734507747812
      ],
      [
        0.057570859753777424,
        0.7425359412557795
      ],
      [
        -0.02601439728805476,
        0.8820753808883911
      ],
      [
        0.046948108101414227,
        0.7888461361592372
      ]
    ],
    "jerk": [
      [
        -0.04098147804481275,
        0.8151847914453724
      ],
      [
        -0.37720252314911773,
        0.02549925080009366
      ],
      [
        0.4480786970952893,
        0.0069470938596569096
      ],
      [
        0.05414181872443549,
        0.7573966405144991
      ],
      [
        -0.14503081836037063,
        0.40582601508902527
      ],
      [
        -0.08763312136968276,
        0.6166661132228045
      ],
      [
        -0.006846352086736514,
        0.9688640953914553
      ],
      [
        -0.07337731726770205,
        0.6752848211314307
      ]
    ],
    "path_efficiency": [
      [
        -0.110541930821351,
        0.5272782043341221
      ],
      [
        -0.029562795065632124,
        0.8661264105613752
      ],
      [
        -0.09835973550369954,
        0.5740227530120502
      ],
      [
        0.02781018815257713,
        0.8739977470313803
      ],
      [
        -0.06578112225483891,
        0.707333279590457
      ],
      [
        -0.0679698809025818,
        0.6980451207685627
      ],
      [
        -0.19162623084637734,
        0.2701303064781815
      ],
      [
        -0.1600170589438952,
        0.35849892145230905
      ]
    ],
    "approach_angle": [
      [
        0.08141054767256345,
        0.6419939248456018
      ],
      [
        0.07553251781325905,
        0.6662904161547756
      ],
      [
        0.015127652499148478,
        0.9312669406497371
      ],
      [
        -0.24439528614635175,
        0.15709399286962142
      ],
      [
        0.12683098872987916,
        0.4678193204674411
      ],
      [
        0.04163107204407131,
        0.8123070356134976
      ],
      [
        -0.30244655048886704,
        0.07740650930596059
      ],
      [
        0.043775214227461244,
        0.8028256469029483
      ]
    ],
    "sparc": [
      [
        -0.12197733581840954,
        0.4851563184616911
      ],
      [
        0.1736228988849322,
        0.31853882350085777
      ],
      [
        -0.25824419880381977,
        0.1341729040138967
      ],
      [
        0.010393983643680042,
        0.952745074217758
      ],
      [
        -0.0440799730855221,
        0.8014802150286798
      ],
      [
        -0.39423109962254554,
        0.0191088109200056
      ],
      [
        -0.03259343951544835,
        0.8525453845359048
      ],
      [
        -0.21940682183176866,
        0.20537518251986445
      ]
    ],
    "trial_variability": [
      [
        0.0,
        1.0
      ],
      [
        0.0,
        1.0
      ],
      [
        0.0,
        1.0
      ],
      [
        0.0,
        1.0
      ],
      [
        0.0,
        1.0
      ],
      [
        0.0,
        1.0
      ],
      [
        0.0,
        1.0
      ],
      [
        0.0,
        1.0
      ]
    ]
  },
  "performance_data": [
    {
      "subject_id": "s.miyama",
      "trial_num": 1,
      "is_expert": 0,
      "perf_block": 1.0,
      "perf_trial_time": 781.4310399999999,
      "perf_trial_error": 0.009331885373947761,
      "perf_jerk": 0.23823026873026598,
      "perf_path_efficiency": 0.04352089782113238,
      "perf_approach_angle": -31.090610448822908,
      "perf_sparc": 5.769436645157065,
      "perf_trial_variability": 0.06091889019472684
    },
    {
      "subject_id": "s.miyama",
      "trial_num": 2,
      "is_expert": 0,
      "perf_block": 1.0,
      "perf_trial_time": 780.9909500000001,
      "perf_trial_error": 0.015043752771499544,
      "perf_jerk": 0.11949348828072694,
      "perf_path_efficiency": 0.11088092462881975,
      "perf_approach_angle": -28.423100066341778,
      "perf_sparc": 7.103057853484029,
      "perf_trial_variability": 0.06091889019472684
    },
    {
      "subject_id": "s.miyama",
      "trial_num": 3,
      "is_expert": 0,
      "perf_block": 1.0,
      "perf_trial_time": 780.53104,
      "perf_trial_error": 0.010686631937612519,
      "perf_jerk": 0.13453860885782903,
      "perf_path_efficiency": 0.18022399752169005,
      "perf_approach_angle": 163.30075576629815,
      "perf_sparc": 5.666466649165219,
      "perf_trial_variability": 0.06091889019472684
    },
    {
      "subject_id": "s.miyama",
      "trial_num": 4,
      "is_expert": 0,
      "perf_block": 1.0,
      "perf_trial_time": 779.65094,
      "perf_trial_error": 0.010831962821211107,
      "perf_jerk": 0.11646129045993998,
      "perf_path_efficiency": 0.0965095128741791,
      "perf_approach_angle": 180.0,
      "perf_sparc": 6.0047583918507295,
      "perf_trial_variability": 0.06091889019472684
    },
    {
      "subject_id": "s.miyama",
      "trial_num": 5,
      "is_expert": 0,
      "perf_block": 1.0,
      "perf_trial_time": 779.96095,
      "perf_trial_error": 0.021802220670839943,
      "perf_jerk": 0.15856447644585642,
      "perf_path_efficiency": 0.02276487457677712,
      "perf_approach_angle": -88.79268073395552,
      "perf_sparc": 5.881690287398657,
      "perf_trial_variability": 0.06091889019472684
    },
    {
      "subject_id": "s.miyama",
      "trial_num": 6,
      "is_expert": 0,
      "perf_block": 1.0,
      "perf_trial_time": 779.67105,
      "perf_trial_error": 0.02340808928446745,
      "perf_jerk": 0.14384936848705374,
      "perf_path_efficiency": 0.11822771876614163,
      "perf_approach_angle": -59.74356283673853,
      "perf_sparc": 6.559379375296442,
      "perf_trial_variability": 0.06091889019472684
    },
    {
      "subject_id": "s.miyama",
      "trial_num": 7,
      "is_expert": 0,
      "perf_block": 1.0,
      "perf_trial_time": 780.1612500000001,
      "perf_trial_error": 0.02357412701268065,
      "perf_jerk": 0.14142058720119943,
      "perf_path_efficiency": 0.10257553233428424,
      "perf_approach_angle": 180.0,
      "perf_sparc": 6.429648055006896,
      "perf_trial_variability": 0.06091889019472684
    },
    {
      "subject_id": "s.miyama",
      "trial_num": 8,
      "is_expert": 0,
      "perf_block": 1.0,
      "perf_trial_time": 778.82124,
      "perf_trial_error": 0.009508055394290678,
      "perf_jerk": 0.1486166362282454,
      "perf_path_efficiency": 0.12752957378981286,
      "perf_approach_angle": -179.3806102967784,
      "perf_sparc": 5.649783089513947,
      "perf_trial_variability": 0.06091889019472684
    },
    {
      "subject_id": "s.miyama",
      "trial_num": 9,
      "is_expert": 0,
      "perf_block": 1.0,
      "perf_trial_time": 778.2512499999999,
      "perf_trial_error": 0.02342605717346817,
      "perf_jerk": 0.13184534779196141,
      "perf_path_efficiency": 0.07736359328838117,
      "perf_approach_angle": -20.61507244407429,
      "perf_sparc": 5.450557621507189,