{
  "reconstruction_mse": 4.8223948397208005e-05,
  "correlations": {
    "trial_time": [
      [
        -0.10144003200534331,
        0.5620283748079117
      ],
      [
        0.09377107887018878,
        0.5921017026061889
      ],
      [
        -0.239157266589843,
        0.16646138923000586
      ],
      [
        0.14936591323492654,
        0.39178354194916054
      ],
      [
        0.4375505368866623,
        0.008574471205835738
      ],
      [
        -0.13373520437947972,
        0.44373314096843963
      ],
      [
        -0.02185611028483965,
        0.9008233723732445
      ],
      [
        0.16640860571278906,
        0.3393670005001421
      ]
    ],
    "trial_error": [
      [
        -0.07981416762565627,
        0.6485577306231457
      ],
      [
        0.016689103110152405,
        0.9241918745384555
      ],
      [
        -0.27915760958410024,
        0.104373630102336
      ],
      [
        0.29620914490928124,
        0.08402984407003013
      ],
      [
        -0.013122438243327556,
        0.9403602668445247
      ],
      [
        -0.06606690730248094,
        0.7061181351189244
      ],
      [
        0.16829528491373924,
        0.33384131660259714
      ],
      [
        -0.009433552960472403,
        0.9571073317911168
      ]
    ],
    "jerk": [
      [
        0.15703147047975807,
        0.3676529110051785
      ],
      [
        -0.03352544633302552,
        0.8483770274963993
      ],
      [
        0.12668840752255758,
        0.46832389855047074
      ],
      [
        -0.1360572221198063,
        0.43578713087169946
      ],
      [
        0.008381275651885282,
        0.9618881573002862
      ],
      [
        0.21866315291861368,
        0.20695398318526134
      ],
      [
        -0.15302423385544547,
        0.3801552122935653
      ],
      [
        -0.31050405925704244,
        0.06945924907855329
      ]
    ],
    "path_efficiency": [
      [
        -0.16508615435993837,
        0.34327332547846073
      ],
      [
        0.07057435305843547,
        0.6870488901127305
      ],
      [
        -0.04485627292811102,
        0.7980555954454281
      ],
      [
        0.125251347948117,
        0.47342549081282986
      ],
      [
        0.04609159844902447,
        0.7926136578141273
      ],
      [
        0.1588351252905962,
        0.3621063225629228
      ],
      [
        0.004014429675345282,
        0.9817402377338489
      ],
      [
        0.01653271423851083,
        0.9249002371204967
      ]
    ],
    "approach_angle": [
      [
        0.41805507708470935,
        0.012452305463451805
      ],
      [
        0.24800634402045216,
        0.15086201471752184
      ],
      [
        0.38487052973361907,
        0.02243214164935806
      ],
      [
        -0.2711542678576492,
        0.11511981806065151
      ],
      [
        -0.29901462661968115,
        0.08099864687724952
      ],
      [
        0.1606854662606454,
        0.35646844061576693
      ],
      [
        -0.15143102735769426,
        0.3851942889089237
      ],
      [
        -0.023995657141836376,
        0.8911698083249013
      ]
    ],
    "sparc": [
      [
        -0.12453353513643761,
        0.47598461400085257
      ],
      [
        -0.06944818317918616,
        0.6917960548565316
      ],
      [
        0.020454467348774888,
        0.9071552187332259
      ],
      [
        0.16826017914124508,
        0.33394362578011283
      ],
      [
        0.29161675880824905,
        0.08917975370182471
      ],
      [
        -0.03694000811651263,
        0.8331408963435202
      ],
      [
        -0.1805547779224178,
        0.299295915026174
      ],
      [
        0.2093723182195549,
        0.22738865198831834
      ]
    ],
    "trial_variability": [
      [
        0.0,
        1.0
      ],
      [
        0.0,
        1.0
      ],
      [
        0.0,
        1.0
      ],
      [
        0.0,
        1.0
      ],
      [
        0.0,
        1.0
      ],
      [
        0.0,
        1.0
      ],
      [
        0.0,
        1.0
      ],
      [
        0.0,
        1.0
      ]
    ]
  },
  "performance_data": [
    {
      "subject_id": "s.miyama",
      "trial_num": 1,
      "is_expert": 0,
      "perf_block": 1.0,
      "perf_trial_time": 781.4310399999999,
      "perf_trial_error": 0.009331885373947761,
      "perf_jerk": 0.23823026873026598,
      "perf_path_efficiency": 0.04352089782113238,
      "perf_approach_angle": -31.090610448822908,
      "perf_sparc": 5.769436645157065,
      "perf_trial_variability": 0.06091889019472684
    },
    {
      "subject_id": "s.miyama",
      "trial_num": 2,
      "is_expert": 0,
      "perf_block": 1.0,
      "perf_trial_time": 780.9909500000001,
      "perf_trial_error": 0.015043752771499544,
      "perf_jerk": 0.11949348828072694,
      "perf_path_efficiency": 0.11088092462881975,
      "perf_approach_angle": -28.423100066341778,
      "perf_sparc": 7.103057853484029,
      "perf_trial_variability": 0.06091889019472684
    },
    {
      "subject_id": "s.miyama",
      "trial_num": 3,
      "is_expert": 0,
      "perf_block": 1.0,
      "perf_trial_time": 780.53104,
      "perf_trial_error": 0.010686631937612519,
      "perf_jerk": 0.13453860885782903,
      "perf_path_efficiency": 0.18022399752169005,
      "perf_approach_angle": 163.30075576629815,
      "perf_sparc": 5.666466649165219,
      "perf_trial_variability": 0.06091889019472684
    },
    {
      "subject_id": "s.miyama",
      "trial_num": 4,
      "is_expert": 0,
      "perf_block": 1.0,
      "perf_trial_time": 779.65094,
      "perf_trial_error": 0.010831962821211107,
      "perf_jerk": 0.11646129045993998,
      "perf_path_efficiency": 0.0965095128741791,
      "perf_approach_angle": 180.0,
      "perf_sparc": 6.0047583918507295,
      "perf_trial_variability": 0.06091889019472684
    },
    {
      "subject_id": "s.miyama",
      "trial_num": 5,
      "is_expert": 0,
      "perf_block": 1.0,
      "perf_trial_time": 779.96095,
      "perf_trial_error": 0.021802220670839943,
      "perf_jerk": 0.15856447644585642,
      "perf_path_efficiency": 0.02276487457677712,
      "perf_approach_angle": -88.79268073395552,
      "perf_sparc": 5.881690287398657,
      "perf_trial_variability": 0.06091889019472684
    },
    {
      "subject_id": "s.miyama",
      "trial_num": 6,
      "is_expert": 0,
      "perf_block": 1.0,
      "perf_trial_time": 779.67105,
      "perf_trial_error": 0.02340808928446745,
      "perf_jerk": 0.14384936848705374,
      "perf_path_efficiency": 0.11822771876614163,
      "perf_approach_angle": -59.74356283673853,
      "perf_sparc": 6.559379375296442,
      "perf_trial_variability": 0.06091889019472684
    },
    {
      "subject_id": "s.miyama",
      "trial_num": 7,
      "is_expert": 0,
      "perf_block": 1.0,
      "perf_trial_time": 780.1612500000001,
      "perf_trial_error": 0.02357412701268065,
      "perf_jerk": 0.14142058720119943,
      "perf_path_efficiency": 0.10257553233428424,
      "perf_approach_angle": 180.0,
      "perf_sparc": 6.429648055006896,
      "perf_trial_variability": 0.06091889019472684
    },
    {
      "subject_id": "s.miyama",
      "trial_num": 8,
      "is_expert": 0,
      "perf_block": 1.0,
      "perf_trial_time": 778.82124,
      "perf_trial_error": 0.009508055394290678,
      "perf_jerk": 0.1486166362282454,
      "perf_path_efficiency": 0.12752957378981286,
      "perf_approach_angle": -179.3806102967784,
      "perf_sparc": 5.649783089513947,
      "perf_trial_variability": 0.06091889019472684
    },
    {
      "subject_id": "s.miyama",
      "trial_num": 9,
      "is_expert": 0,
      "perf_block": 1.0,
      "perf_trial_time": 778.2512499999999,
      "perf_trial_error": 0.02342605717346817,
      "perf_jerk": 0.13184534779196141,
      "perf_path_efficiency": 0.07736359328838117,
      "perf_approach_angle": -20.61507244407429,
      "perf_sparc": 5.450557621507189,