{
  "reconstruction_mse": 4.729636566480622e-05,
  "correlations": {
    "trial_time": [
      [
        0.23746404732772752,
        0.16957337777439127
      ],
      [
        0.16862193892088226,
        0.3328902694134723
      ],
      [
        0.2088928597668781,
        0.2284791160365678
      ],
      [
        -0.11517874065369424,
        0.5099869974853372
      ]
    ],
    "trial_error": [
      [
        0.26846851028406,
        0.11890582176176365
      ],
      [
        0.07803473948280322,
        0.655904964990939
      ],
      [
        0.028868550889106847,
        0.8692429396766644
      ],
      [
        0.2967649919357954,
        0.08342242656777073
      ]
    ],
    "jerk": [
      [
        0.031939517504854735,
        0.8554723735495305
      ],
      [
        0.24372440451120198,
        0.15827200079541506
      ],
      [
        -0.047212609898415615,
        0.787683621238025
      ],
      [
        0.21416549137302662,
        0.21668153332565895
      ]
    ],
    "path_efficiency": [
      [
        0.07577418434320198,
        0.6652846764608846
      ],
      [
        -0.0642805017133411,
        0.7137254597075994
      ],
      [
        0.009818385263962944,
        0.9553592767976317
      ],
      [
        0.11447900870096674,
        0.5125781226539154
      ]
    ],
    "approach_angle": [
      [
        0.2042052774468207,
        0.23932758804425416
      ],
      [
        -0.09191323602187261,
        0.5994916199514774
      ],
      [
        0.0002634757441637382,
        0.99880147276094
      ],
      [
        -0.10367818708143328,
        0.5533863495079611
      ]
    ],
    "sparc": [
      [
        0.15268037352787578,
        0.38123950857438915
      ],
      [
        -0.1515897522881695,
        0.38469052667747117
      ],
      [
        0.025731759932881154,
        0.8833477971592649
      ],
      [
        -0.1591735965463415,
        0.36107105926926814
      ]
    ],
    "trial_variability": [
      [
        0.0,
        1.0
      ],
      [
        0.0,
        1.0
      ],
      [
        0.0,
        1.0
      ],
      [
        0.0,
        1.0
      ]
    ]
  },
  "performance_data": [
    {
      "subject_id": "s.miyama",
      "trial_num": 1,
      "is_expert": 0,
      "perf_block": 1.0,
      "perf_trial_time": 781.4310399999999,
      "perf_trial_error": 0.009331885373947761,
      "perf_jerk": 0.23823026873026598,
      "perf_path_efficiency": 0.04352089782113238,
      "perf_approach_angle": -31.090610448822908,
      "perf_sparc": 5.769436645157065,
      "perf_trial_variability": 0.06091889019472684
    },
    {
      "subject_id": "s.miyama",
      "trial_num": 2,
      "is_expert": 0,
      "perf_block": 1.0,
      "perf_trial_time": 780.9909500000001,
      "perf_trial_error": 0.015043752771499544,
      "perf_jerk": 0.11949348828072694,
      "perf_path_efficiency": 0.11088092462881975,
      "perf_approach_angle": -28.423100066341778,
      "perf_sparc": 7.103057853484029,
      "perf_trial_variability": 0.06091889019472684
    },
    {
      "subject_id": "s.miyama",
      "trial_num": 3,
      "is_expert": 0,
      "perf_block": 1.0,
      "perf_trial_time": 780.53104,
      "perf_trial_error": 0.010686631937612519,
      "perf_jerk": 0.13453860885782903,
      "perf_path_efficiency": 0.18022399752169005,
      "perf_approach_angle": 163.30075576629815,
      "perf_sparc": 5.666466649165219,
      "perf_trial_variability": 0.06091889019472684
    },
    {
      "subject_id": "s.miyama",
      "trial_num": 4,
      "is_expert": 0,
      "perf_block": 1.0,
      "perf_trial_time": 779.65094,
      "perf_trial_error": 0.010831962821211107,
      "perf_jerk": 0.11646129045993998,
      "perf_path_efficiency": 0.0965095128741791,
      "perf_approach_angle": 180.0,
      "perf_sparc": 6.0047583918507295,
      "perf_trial_variability": 0.06091889019472684
    },
    {
      "subject_id": "s.miyama",
      "trial_num": 5,
      "is_expert": 0,
      "perf_block": 1.0,
      "perf_trial_time": 779.96095,
      "perf_trial_error": 0.021802220670839943,
      "perf_jerk": 0.15856447644585642,
      "perf_path_efficiency": 0.02276487457677712,
      "perf_approach_angle": -88.79268073395552,
      "perf_sparc": 5.881690287398657,
      "perf_trial_variability": 0.06091889019472684
    },
    {
      "subject_id": "s.miyama",
      "trial_num": 6,
      "is_expert": 0,
      "perf_block": 1.0,
      "perf_trial_time": 779.67105,
      "perf_trial_error": 0.02340808928446745,
      "perf_jerk": 0.14384936848705374,
      "perf_path_efficiency": 0.11822771876614163,
      "perf_approach_angle": -59.74356283673853,
      "perf_sparc": 6.559379375296442,
      "perf_trial_variability": 0.06091889019472684
    },
    {
      "subject_id": "s.miyama",
      "trial_num": 7,
      "is_expert": 0,
      "perf_block": 1.0,
      "perf_trial_time": 780.1612500000001,
      "perf_trial_error": 0.02357412701268065,
      "perf_jerk": 0.14142058720119943,
      "perf_path_efficiency": 0.10257553233428424,
      "perf_approach_angle": 180.0,
      "perf_sparc": 6.429648055006896,
      "perf_trial_variability": 0.06091889019472684
    },
    {
      "subject_id": "s.miyama",
      "trial_num": 8,
      "is_expert": 0,
      "perf_block": 1.0,
      "perf_trial_time": 778.82124,
      "perf_trial_error": 0.009508055394290678,
      "perf_jerk": 0.1486166362282454,
      "perf_path_efficiency": 0.12752957378981286,
      "perf_approach_angle": -179.3806102967784,
      "perf_sparc": 5.649783089513947,
      "perf_trial_variability": 0.06091889019472684
    },
    {
      "subject_id": "s.miyama",
      "trial_num": 9,
      "is_expert": 0,
      "perf_block": 1.0,
      "perf_trial_time": 778.2512499999999,
      "perf_trial_error": 0.02342605717346817,
      "perf_jerk": 0.13184534779196141,
      "perf_path_efficiency": 0.07736359328838117,
      "perf_approach_angle": -20.61507244407429,
      "perf_sparc": 5.450557621507189,
      "perf_trial_variability": 0.06091889019472684
    },
    {
      "subject_id": "s.miyama",
      "trial_num": 10,
      "is_expert": 0,
      "perf_block": 1.0,
      "perf_trial_time": 778.2412400000001,
      "perf_trial_error": 0.021531612526304186,
      "perf_jerk": 0.11002637376682099,
      "perf_path_efficiency": 0.06747590790019609,
      "perf_approach_angle": 179.1777863599227,
      "perf_sparc": 6.347855423812547,
      "perf_trial_variability": 0.06091889019472684
    },
    {
      "subject_id": "s.miyama",
      "trial_num": 11,
      "is_expert": 0,
      "perf_block": 1.0,
      "perf_trial_time": 777.9712000000001,
      "perf_trial_error": 0.010234668098585323,
      "perf_jerk": 0.10836813276553871,
      "perf_path_efficiency": 0.08937778343880687,
      "perf_approach_angle": 0.0,
      "perf_sparc": 5.6280038024743835,
      "perf_trial_variability": 0.06091889019472684
    },
    {
      "subject_id": "s.miyama",
      "trial_num": 12,
      "is_expert": 0,
      "perf_block": 1.0,
      "perf_trial_time": 778.2012,
      "perf_trial_error": 0.026018896977826732,
      "perf_jerk": 0.12724367565893718,
      "perf_path_efficiency": 0.05182545008154572,
      "perf_approach_angle": 0.0,
      "perf_sparc": 5.819785379584859,
      "perf_trial_variability": 0.06091889019472684
    },
    {
      "subject_id": "s.miyama",
      "trial_num": 13,
      "is_expert": 0,
      "perf_block": 1.0,
      "perf_trial_time": 778.7312000000001,
      "perf_trial_error": 0.01458119029415637,
      "perf_jerk": 0.13577941448570496,
      "perf_path_efficiency": 0.13941375764547922,
      "perf_approach_angle": 180.0,
      "perf_sparc": 5.667832359179626,
      "perf_trial_variability": 0.06091889019472684
    },
    {
      "subject_id": "s.miyama",
      "trial_num": 14,
      "is_expert": 0,
      "perf_block": 1.0,
      "perf_trial_time": 777.7212,
      "perf_trial_error": 0.004038906923908982,