{
  "reconstruction_mse": 4.5482225687010214e-05,
  "correlations": {
    "trial_time": [
      [
        0.1452763786566807,
        0.4050230088391701
      ],
      [
        0.008389413336195618,
        0.9618511800236108
      ],
      [
        0.23240602051905712,
        0.17911685640512137
      ],
      [
        0.12752983521581868,
        0.46535034495582883
      ],
      [
        -0.017233363102332363,
        0.9217271020783032
      ],
      [
        -0.09271765348471231,
        0.5962870079712795
      ],
      [
        -0.11803341746203079,
        0.499484207031413
      ],
      [
        -0.07475188532841703,
        0.6695430657087384
      ]
    ],
    "trial_error": [
      [
        -0.020491392936477015,
        0.9069883354732399
      ],
      [
        -0.054771771544828415,
        0.7546599679033573
      ],
      [
        0.20420407449694564,
        0.23933041573027922
      ],
      [
        0.040901688258000314,
        0.8155384317216411
      ],
      [
        -0.016759454117473413,
        0.9238732386788269
      ],
      [
        0.053285576356918773,
        0.761121020974669
      ],
      [
        0.0435339889687532,
        0.8038909898369279
      ],
      [
        0.019618956475984745,
        0.9109322978400949
      ]
    ],
    "jerk": [
      [
        0.1880653386674426,
        0.2793003551727839
      ],
      [
        0.0295589984844961,
        0.8661434484268034
      ],
      [
        -0.07606980228499129,
        0.6640551888115747
      ],
      [
        -0.024348036144377944,
        0.8895813233092159
      ],
      [
        0.21009319702171714,
        0.22575577748496162
      ],
      [
        -0.18349197516365134,
        0.29137038432249984
      ],
      [
        -0.133730864896225,
        0.44374806427410635
      ],
      [
        -0.30359108371949567,
        0.0762364729016378
      ]
    ],
    "path_efficiency": [
      [
        0.06648315918482786,
        0.7043495301785004
      ],
      [
        -0.002198301687120887,
        0.9900003712963967
      ],
      [
        -0.08440895616973032,
        0.6297375668797113
      ],
      [
        0.2965553155135235,
        0.08365115680235197
      ],
      [
        0.06043983483416677,
        0.7301721313531394
      ],
      [
        -0.26101257259706945,
        0.12990350953620003
      ],
      [
        0.13355422868755837,
        0.4443557409572006
      ],
      [
        0.29096352409875903,
        0.08993156338572073
      ]
    ],
    "approach_angle": [
      [
        -0.1445759980641143,
        0.40731571496202035
      ],
      [
        -0.2542312285168249,
        0.1405441752927886
      ],
      [
        0.1645360562115414,
        0.3449062679488096
      ],
      [
        -0.13085866877686703,
        0.45368519149173375
      ],
      [
        0.022863751957728853,
        0.8962750987393894
      ],
      [
        0.041006331243622046,
        0.8150746456795577
      ],
      [
        -0.30838726059535737,
        0.07148234045386088
      ],
      [
        0.019383440888540073,
        0.9119973394386144
      ]
    ],
    "sparc": [
      [
        0.2397695467972281,
        0.16534621661953236
      ],
      [
        -0.1247780173448577,
        0.4751121827050042
      ],
      [
        0.2763840840212396,
        0.10800800820246233
      ],
      [
        -0.21783120434373304,
        0.20873013301951607
      ],
      [
        -0.31977237486232335,
        0.06112382104797295
      ],
      [
        -0.11481619036011813,
        0.5113287139742063
      ],
      [
        -0.20512861666391133,
        0.23716378740539143
      ],
      [
        0.014547038822156922,
        0.9338991013645115
      ]
    ],
    "trial_variability": [
      [
        0.0,
        1.0
      ],
      [
        0.0,
        1.0
      ],
      [
        0.0,
        1.0
      ],
      [
        0.0,
        1.0
      ],
      [
        0.0,
        1.0
      ],
      [
        0.0,
        1.0
      ],
      [
        0.0,
        1.0
      ],
      [
        0.0,
        1.0
      ]
    ]
  },
  "performance_data": [
    {
      "subject_id": "s.miyama",
      "trial_num": 1,
      "is_expert": 0,
      "perf_block": 1.0,
      "perf_trial_time": 781.4310399999999,
      "perf_trial_error": 0.009331885373947761,
      "perf_jerk": 0.23823026873026598,
      "perf_path_efficiency": 0.04352089782113238,
      "perf_approach_angle": -31.090610448822908,
      "perf_sparc": 5.769436645157065,
      "perf_trial_variability": 0.06091889019472684
    },
    {
      "subject_id": "s.miyama",
      "trial_num": 2,
      "is_expert": 0,
      "perf_block": 1.0,
      "perf_trial_time": 780.9909500000001,
      "perf_trial_error": 0.015043752771499544,
      "perf_jerk": 0.11949348828072694,
      "perf_path_efficiency": 0.11088092462881975,
      "perf_approach_angle": -28.423100066341778,
      "perf_sparc": 7.103057853484029,
      "perf_trial_variability": 0.06091889019472684
    },
    {
      "subject_id": "s.miyama",
      "trial_num": 3,
      "is_expert": 0,
      "perf_block": 1.0,
      "perf_trial_time": 780.53104,
      "perf_trial_error": 0.010686631937612519,
      "perf_jerk": 0.13453860885782903,
      "perf_path_efficiency": 0.18022399752169005,
      "perf_approach_angle": 163.30075576629815,
      "perf_sparc": 5.666466649165219,
      "perf_trial_variability": 0.06091889019472684
    },
    {
      "subject_id": "s.miyama",
      "trial_num": 4,
      "is_expert": 0,
      "perf_block": 1.0,
      "perf_trial_time": 779.65094,
      "perf_trial_error": 0.010831962821211107,
      "perf_jerk": 0.11646129045993998,
      "perf_path_efficiency": 0.0965095128741791,
      "perf_approach_angle": 180.0,
      "perf_sparc": 6.0047583918507295,
      "perf_trial_variability": 0.06091889019472684
    },
    {
      "subject_id": "s.miyama",
      "trial_num": 5,
      "is_expert": 0,
      "perf_block": 1.0,
      "perf_trial_time": 779.96095,
      "perf_trial_error": 0.021802220670839943,
      "perf_jerk": 0.15856447644585642,
      "perf_path_efficiency": 0.02276487457677712,
      "perf_approach_angle": -88.79268073395552,
      "perf_sparc": 5.881690287398657,
      "perf_trial_variability": 0.06091889019472684
    },
    {
      "subject_id": "s.miyama",
      "trial_num": 6,
      "is_expert": 0,
      "perf_block": 1.0,
      "perf_trial_time": 779.67105,
      "perf_trial_error": 0.02340808928446745,
      "perf_jerk": 0.14384936848705374,
      "perf_path_efficiency": 0.11822771876614163,
      "perf_approach_angle": -59.74356283673853,
      "perf_sparc": 6.559379375296442,
      "perf_trial_variability": 0.06091889019472684
    },
    {
      "subject_id": "s.miyama",
      "trial_num": 7,
      "is_expert": 0,
      "perf_block": 1.0,
      "perf_trial_time": 780.1612500000001,
      "perf_trial_error": 0.02357412701268065,
      "perf_jerk": 0.14142058720119943,
      "perf_path_efficiency": 0.10257553233428424,
      "perf_approach_angle": 180.0,
      "perf_sparc": 6.429648055006896,
      "perf_trial_variability": 0.06091889019472684
    },
    {
      "subject_id": "s.miyama",
      "trial_num": 8,
      "is_expert": 0,
      "perf_block": 1.0,
      "perf_trial_time": 778.82124,
      "perf_trial_error": 0.009508055394290678,
      "perf_jerk": 0.1486166362282454,
      "perf_path_efficiency": 0.12752957378981286,
      "perf_approach_angle": -179.3806102967784,
      "perf_sparc": 5.649783089513947,
      "perf_trial_variability": 0.06091889019472684
    },
    {
      "subject_id": "s.miyama",
      "trial_num": 9,
      "is_expert": 0,
      "perf_block": 1.0,
      "perf_trial_time": 778.2512499999999,
      "perf_trial_error": 0.02342605717346817,
      "perf_jerk": 0.13184534779196141,
      "perf_path_efficiency": 0.07736359328838117,
      "perf_approach_angle": -20.61507244407429,
      "perf_sparc": 5.450557621507189,