{
  "reconstruction_mse": 4.536883716355078e-05,
  "correlations": {
    "trial_time": [
      [
        0.015771029988200597,
        0.9283510840657725
      ],
      [
        -0.1628544880410956,
        0.3499271591790675
      ],
      [
        0.14868382668303073,
        0.3939741486918687
      ],
      [
        0.12540691481908972,
        0.47287182207161255
      ],
      [
        0.22433698139188166,
        0.19511947522237488
      ],
      [
        -0.201128234971721,
        0.2466341407421531
      ],
      [
        -0.046983181061063764,
        0.7886919607376527
      ],
      [
        0.29836726954192594,
        0.08169045920811611
      ]
    ],
    "trial_error": [
      [
        -0.2040167004235831,
        0.23977113657393317
      ],
      [
        0.03910160674003465,
        0.8235260599696744
      ],
      [
        0.2811472788581317,
        0.10182400495449069
      ],
      [
        -0.15878383625076384,
        0.3622633520934351
      ],
      [
        0.05511117123706745,
        0.7531867451661295
      ],
      [
        -0.17788457836606508,
        0.3066188742969539
      ],
      [
        -0.18497065996599135,
        0.28743181582368493
      ],
      [
        0.10871265723457019,
        0.5341773272156868
      ]
    ],
    "jerk": [
      [
        0.10639271783452477,
        0.5429890384734782
      ],
      [
        0.07064000557781608,
        0.6867725044426517
      ],
      [
        -0.1043582894630768,
        0.5507726809673424
      ],
      [
        -0.11266307957901489,
        0.5193329467258451
      ],
      [
        0.23331762857280702,
        0.17736930520950353
      ],
      [
        0.1944021981321308,
        0.2631197802754607
      ],
      [
        0.05606640804136799,
        0.7490449892581909
      ],
      [
        0.19917809059665453,
        0.2513411927491887
      ]
    ],
    "path_efficiency": [
      [
        0.14206076179055918,
        0.4156099746357639
      ],
      [
        -0.12282956810949114,
        0.48208838716939484
      ],
      [
        -0.1425385451817887,
        0.4140271576758369
      ],
      [
        0.052235283332088614,
        0.765696671003558
      ],
      [
        0.048133721682115105,
        0.7836387670332345
      ],
      [
        0.03224261177889112,
        0.8541154695450831
      ],
      [
        0.21213029454502116,
        0.2211847319505502
      ],
      [
        0.2151294820749923,
        0.2145706640318383
      ]
    ],
    "approach_angle": [
      [
        0.010164071435803178,
        0.9537892127986303
      ],
      [
        0.0638607698430333,
        0.7155168450884118
      ],
      [
        0.05891065291077751,
        0.7367540211555107
      ],
      [
        -0.10023427779391214,
        0.5667096894338144
      ],
      [
        0.2827549917755803,
        0.09979859425923152
      ],
      [
        0.036277289879133,
        0.8360935224962327
      ],
      [
        0.06929537009971157,
        0.6924411064715057
      ],
      [
        0.13234980633381455,
        0.4485113329207785
      ]
    ],
    "sparc": [
      [
        0.17156706913505715,
        0.32439103638846023
      ],
      [
        -0.11075290203556708,
        0.5264853225732783
      ],
      [
        0.13391579475349127,
        0.44311234050264103
      ],
      [
        -0.004464638785149893,
        0.9796928476397332
      ],
      [
        -0.1942381196036514,
        0.26353078774170996
      ],
      [
        -0.00719530389452375,
        0.9672779573236963
      ],
      [
        0.10791302563169469,
        0.5372067350051005
      ],
      [
        -0.09561490351839895,
        0.5848072445046613
      ]
    ],
    "trial_variability": [
      [
        0.0,
        1.0
      ],
      [
        0.0,
        1.0
      ],
      [
        0.0,
        1.0
      ],
      [
        0.0,
        1.0
      ],
      [
        0.0,
        1.0
      ],
      [
        0.0,
        1.0
      ],
      [
        0.0,
        1.0
      ],
      [
        0.0,
        1.0
      ]
    ]
  },
  "performance_data": [
    {
      "subject_id": "s.miyama",
      "trial_num": 1,
      "is_expert": 0,
      "perf_block": 1.0,
      "perf_trial_time": 781.4310399999999,
      "perf_trial_error": 0.009331885373947761,
      "perf_jerk": 0.23823026873026598,
      "perf_path_efficiency": 0.04352089782113238,
      "perf_approach_angle": -31.090610448822908,
      "perf_sparc": 5.769436645157065,
      "perf_trial_variability": 0.06091889019472684
    },
    {
      "subject_id": "s.miyama",
      "trial_num": 2,
      "is_expert": 0,
      "perf_block": 1.0,
      "perf_trial_time": 780.9909500000001,
      "perf_trial_error": 0.015043752771499544,
      "perf_jerk": 0.11949348828072694,
      "perf_path_efficiency": 0.11088092462881975,
      "perf_approach_angle": -28.423100066341778,
      "perf_sparc": 7.103057853484029,
      "perf_trial_variability": 0.06091889019472684
    },
    {
      "subject_id": "s.miyama",
      "trial_num": 3,
      "is_expert": 0,
      "perf_block": 1.0,
      "perf_trial_time": 780.53104,
      "perf_trial_error": 0.010686631937612519,
      "perf_jerk": 0.13453860885782903,
      "perf_path_efficiency": 0.18022399752169005,
      "perf_approach_angle": 163.30075576629815,
      "perf_sparc": 5.666466649165219,
      "perf_trial_variability": 0.06091889019472684
    },
    {
      "subject_id": "s.miyama",
      "trial_num": 4,
      "is_expert": 0,
      "perf_block": 1.0,
      "perf_trial_time": 779.65094,
      "perf_trial_error": 0.010831962821211107,
      "perf_jerk": 0.11646129045993998,
      "perf_path_efficiency": 0.0965095128741791,
      "perf_approach_angle": 180.0,
      "perf_sparc": 6.0047583918507295,
      "perf_trial_variability": 0.06091889019472684
    },
    {
      "subject_id": "s.miyama",
      "trial_num": 5,
      "is_expert": 0,
      "perf_block": 1.0,
      "perf_trial_time": 779.96095,
      "perf_trial_error": 0.021802220670839943,
      "perf_jerk": 0.15856447644585642,
      "perf_path_efficiency": 0.02276487457677712,
      "perf_approach_angle": -88.79268073395552,
      "perf_sparc": 5.881690287398657,
      "perf_trial_variability": 0.06091889019472684
    },
    {
      "subject_id": "s.miyama",
      "trial_num": 6,
      "is_expert": 0,
      "perf_block": 1.0,
      "perf_trial_time": 779.67105,
      "perf_trial_error": 0.02340808928446745,
      "perf_jerk": 0.14384936848705374,
      "perf_path_efficiency": 0.11822771876614163,
      "perf_approach_angle": -59.74356283673853,
      "perf_sparc": 6.559379375296442,
      "perf_trial_variability": 0.06091889019472684
    },
    {
      "subject_id": "s.miyama",
      "trial_num": 7,
      "is_expert": 0,
      "perf_block": 1.0,
      "perf_trial_time": 780.1612500000001,
      "perf_trial_error": 0.02357412701268065,
      "perf_jerk": 0.14142058720119943,
      "perf_path_efficiency": 0.10257553233428424,
      "perf_approach_angle": 180.0,
      "perf_sparc": 6.429648055006896,
      "perf_trial_variability": 0.06091889019472684
    },
    {
      "subject_id": "s.miyama",
      "trial_num": 8,
      "is_expert": 0,
      "perf_block": 1.0,
      "perf_trial_time": 778.82124,
      "perf_trial_error": 0.009508055394290678,
      "perf_jerk": 0.1486166362282454,
      "perf_path_efficiency": 0.12752957378981286,
      "perf_approach_angle": -179.3806102967784,
      "perf_sparc": 5.649783089513947,
      "perf_trial_variability": 0.06091889019472684
    },
    {
      "subject_id": "s.miyama",
      "trial_num": 9,
      "is_expert": 0,
      "perf_block": 1.0,
      "perf_trial_time": 778.2512499999999,
      "perf_trial_error": 0.02342605717346817,
      "perf_jerk": 0.13184534779196141,
      "perf_path_efficiency": 0.07736359328838117,
      "perf_approach_angle": -20.61507244407429,
      "perf_sparc": 5.450557621507189,