{
  "reconstruction_mse": 4.640759289031848e-05,
  "correlations": {
    "trial_time": [
      [
        -0.02973529789257834,
        0.8653523346845152
      ],
      [
        -0.13160883599536888,
        0.45107830325531784
      ],
      [
        0.23952722791444114,
        0.16578691968600526
      ],
      [
        0.13166631612570637,
        0.45087888951030014
      ],
      [
        -0.15803469705470288,
        0.3645615946661603
      ],
      [
        -0.08377831381687316,
        0.6323074737855383
      ],
      [
        0.057711306328411024,
        0.7419291829312991
      ],
      [
        -0.11506008618424787,
        0.5104259173141079
      ]
    ],
    "trial_error": [
      [
        0.03784445946253854,
        0.8291148972362196
      ],
      [
        -0.4667290920390107,
        0.004707772879844063
      ],
      [
        0.017369577577185984,
        0.9211103432982636
      ],
      [
        -0.36671722454322214,
        0.030245453443074662
      ],
      [
        -0.06457182725876211,
        0.7124829869041416
      ],
      [
        -0.23199717112593554,
        0.17990457285229447
      ],
      [
        0.07617566114158515,
        0.6636151267123008
      ],
      [
        -0.1441812258592079,
        0.4086112528188269
      ]
    ],
    "jerk": [
      [
        -0.1899952709598942,
        0.27430562914353374
      ],
      [
        0.2035479898790104,
        0.24087597471680727
      ],
      [
        0.24785125525895244,
        0.15112591729598118
      ],
      [
        -0.07415615970173096,
        0.6720292536939794
      ],
      [
        0.07640086980815633,
        0.662679287961427
      ],
      [
        -0.04407307115548768,
        0.8015106790744503
      ],
      [
        -0.291962047950248,
        0.08878431459716613
      ],
      [
        0.13852863728447487,
        0.42741656377821424
      ]
    ],
    "path_efficiency": [
      [
        -0.13552387778339753,
        0.4376052929601458
      ],
      [
        -0.015783799099713638,
        0.9282932222272634
      ],
      [
        0.009911658077236115,
        0.9549356266547485
      ],
      [
        0.14284235464439882,
        0.41302245925276204
      ],
      [
        0.26043546180340826,
        0.13078512563489894
      ],
      [
        0.21754173548229974,
        0.2093505908771896
      ],
      [
        -0.005044556970927898,
        0.9770557768545441
      ],
      [
        0.054138533825577484,
        0.7574109185733867
      ]
    ],
    "approach_angle": [
      [
        0.10123960518749954,
        0.5628052911647551
      ],
      [
        -0.06738538328231121,
        0.7005213272189604
      ],
      [
        -0.07057401385046294,
        0.6870503182228421
      ],
      [
        0.13236406579083737,
        0.448462011077996
      ],
      [
        0.13690604876483178,
        0.432902081490756
      ],
      [
        -0.13197019915399294,
        0.44982543042115647
      ],
      [
        0.1508395792760471,
        0.3870748138164211
      ],
      [
        -0.2935883939409883,
        0.08693984831702867
      ]
    ],
    "sparc": [
      [
        0.0984134623919192,
        0.573812558845297
      ],
      [
        0.2868300245295484,
        0.09480213186266062
      ],
      [
        -0.03572609205937252,
        0.8385509695250302
      ],
      [
        0.05790405841853362,
        0.7410967029988349
      ],
      [
        0.12800175280463744,
        0.4636870088242281
      ],
      [
        0.24373286324640103,
        0.15825710842405266
      ],
      [
        0.0806820857311742,
        0.6449858579212544
      ],
      [
        0.04327255687085217,
        0.805045966259189
      ]
    ],
    "trial_variability": [
      [
        0.0,
        1.0
      ],
      [
        0.0,
        1.0
      ],
      [
        0.0,
        1.0
      ],
      [
        0.0,
        1.0
      ],
      [
        0.0,
        1.0
      ],
      [
        0.0,
        1.0
      ],
      [
        0.0,
        1.0
      ],
      [
        0.0,
        1.0
      ]
    ]
  },
  "performance_data": [
    {
      "subject_id": "s.miyama",
      "trial_num": 1,
      "is_expert": 0,
      "perf_block": 1.0,
      "perf_trial_time": 781.4310399999999,
      "perf_trial_error": 0.009331885373947761,
      "perf_jerk": 0.23823026873026598,
      "perf_path_efficiency": 0.04352089782113238,
      "perf_approach_angle": -31.090610448822908,
      "perf_sparc": 5.769436645157065,
      "perf_trial_variability": 0.06091889019472684
    },
    {
      "subject_id": "s.miyama",
      "trial_num": 2,
      "is_expert": 0,
      "perf_block": 1.0,
      "perf_trial_time": 780.9909500000001,
      "perf_trial_error": 0.015043752771499544,
      "perf_jerk": 0.11949348828072694,
      "perf_path_efficiency": 0.11088092462881975,
      "perf_approach_angle": -28.423100066341778,
      "perf_sparc": 7.103057853484029,
      "perf_trial_variability": 0.06091889019472684
    },
    {
      "subject_id": "s.miyama",
      "trial_num": 3,
      "is_expert": 0,
      "perf_block": 1.0,
      "perf_trial_time": 780.53104,
      "perf_trial_error": 0.010686631937612519,
      "perf_jerk": 0.13453860885782903,
      "perf_path_efficiency": 0.18022399752169005,
      "perf_approach_angle": 163.30075576629815,
      "perf_sparc": 5.666466649165219,
      "perf_trial_variability": 0.06091889019472684
    },
    {
      "subject_id": "s.miyama",
      "trial_num": 4,
      "is_expert": 0,
      "perf_block": 1.0,
      "perf_trial_time": 779.65094,
      "perf_trial_error": 0.010831962821211107,
      "perf_jerk": 0.11646129045993998,
      "perf_path_efficiency": 0.0965095128741791,
      "perf_approach_angle": 180.0,
      "perf_sparc": 6.0047583918507295,
      "perf_trial_variability": 0.06091889019472684
    },
    {
      "subject_id": "s.miyama",
      "trial_num": 5,
      "is_expert": 0,
      "perf_block": 1.0,
      "perf_trial_time": 779.96095,
      "perf_trial_error": 0.021802220670839943,
      "perf_jerk": 0.15856447644585642,
      "perf_path_efficiency": 0.02276487457677712,
      "perf_approach_angle": -88.79268073395552,
      "perf_sparc": 5.881690287398657,
      "perf_trial_variability": 0.06091889019472684
    },
    {
      "subject_id": "s.miyama",
      "trial_num": 6,
      "is_expert": 0,
      "perf_block": 1.0,
      "perf_trial_time": 779.67105,
      "perf_trial_error": 0.02340808928446745,
      "perf_jerk": 0.14384936848705374,
      "perf_path_efficiency": 0.11822771876614163,
      "perf_approach_angle": -59.74356283673853,
      "perf_sparc": 6.559379375296442,
      "perf_trial_variability": 0.06091889019472684
    },
    {
      "subject_id": "s.miyama",
      "trial_num": 7,
      "is_expert": 0,
      "perf_block": 1.0,
      "perf_trial_time": 780.1612500000001,
      "perf_trial_error": 0.02357412701268065,
      "perf_jerk": 0.14142058720119943,
      "perf_path_efficiency": 0.10257553233428424,
      "perf_approach_angle": 180.0,
      "perf_sparc": 6.429648055006896,
      "perf_trial_variability": 0.06091889019472684
    },
    {
      "subject_id": "s.miyama",
      "trial_num": 8,
      "is_expert": 0,
      "perf_block": 1.0,
      "perf_trial_time": 778.82124,
      "perf_trial_error": 0.009508055394290678,
      "perf_jerk": 0.1486166362282454,
      "perf_path_efficiency": 0.12752957378981286,
      "perf_approach_angle": -179.3806102967784,
      "perf_sparc": 5.649783089513947,
      "perf_trial_variability": 0.06091889019472684
    },
    {
      "subject_id": "s.miyama",
      "trial_num": 9,
      "is_expert": 0,
      "perf_block": 1.0,
      "perf_trial_time": 778.2512499999999,
      "perf_trial_error": 0.02342605717346817,
      "perf_jerk": 0.13184534779196141,
      "perf_path_efficiency": 0.07736359328838117,
      "perf_approach_angle": -20.61507244407429,
      "perf_sparc": 5.450557621507189,