{
  "reconstruction_mse": 4.509545397013426e-05,
  "correlations": {
    "trial_time": [
      [
        -0.10947382350384666,
        0.5313013092893006
      ],
      [
        -0.07921125197790788,
        0.6510435520894269
      ],
      [
        0.06190083516273594,
        0.7239013567584425
      ],
      [
        -0.268798053945281,
        0.11843633264990387
      ],
      [
        -0.3082651199188551,
        0.07160046412829144
      ],
      [
        -0.07329979696098485,
        0.6756091750659499
      ],
      [
        0.0013286529081256715,
        0.9939561315075436
      ],
      [
        0.03645468136547829,
        0.8353029678488468
      ]
    ],
    "trial_error": [
      [
        0.05606724884150226,
        0.7490413467019372
      ],
      [
        0.03729265005710898,
        0.8315706731922482
      ],
      [
        0.003026280906050456,
        0.9862343693497377
      ],
      [
        0.00493069741767593,
        0.9775735141295124
      ],
      [
        0.17813425413525388,
        0.3059293879214939
      ],
      [
        0.13093416827391474,
        0.4534224587546899
      ],
      [
        -0.08002454419785959,
        0.6476912244013129
      ],
      [
        -0.005361745038271429,
        0.9756135221495624
      ]
    ],
    "jerk": [
      [
        -0.13792181970605227,
        0.42946350903549413
      ],
      [
        -0.402149774100628,
        0.01662773306639473
      ],
      [
        0.05199311042439537,
        0.7667528217101867
      ],
      [
        -0.06988005981337805,
        0.6899741796506123
      ],
      [
        -0.2687030091041651,
        0.1185715971681483
      ],
      [
        -0.18969182122708977,
        0.27508708580193414
      ],
      [
        -0.06596175851599864,
        0.7065651398765903
      ],
      [
        -0.0076079202283655285,
        0.9654025960044385
      ]
    ],
    "path_efficiency": [
      [
        -0.09022409708494149,
        0.6062448343519966
      ],
      [
        -0.03825132766094852,
        0.8273051866607443
      ],
      [
        -0.007529937771153747,
        0.9657570163815642
      ],
      [
        -0.2226895706516401,
        0.19850575106722915
      ],
      [
        -0.19485818768362312,
        0.2619797688266653
      ],
      [
        0.050237523493620685,
        0.774421439232
      ],
      [
        0.14965422822193544,
        0.3908597058188802
      ],
      [
        0.005904967979334078,
        0.9731436655757736
      ]
    ],
    "approach_angle": [
      [
        -0.23533465968007689,
        0.17354577312424144
      ],
      [
        0.2763538737159561,
        0.10804811430855314
      ],
      [
        -0.01298547744889271,
        0.9409816457205505
      ],
      [
        0.2172721514317135,
        0.20992957145040092
      ],
      [
        0.10684268659588418,
        0.5412745620006912
      ],
      [
        0.08776036213579727,
        0.6161525865305923
      ],
      [
        0.2686725280431291,
        0.11861500120781598
      ],
      [
        -0.28165722413281336,
        0.10117822148504005
      ]
    ],
    "sparc": [
      [
        -0.013708074807081722,
        0.937703681121596
      ],
      [
        0.20939473737709408,
        0.22733774935143267
      ],
      [
        0.24303521319346372,
        0.1594887873003461
      ],
      [
        -0.04213889938131956,
        0.8100589985964272
      ],
      [
        0.08699909825541208,
        0.6192276084751964
      ],
      [
        -0.07583447986422234,
        0.6650338349877245
      ],
      [
        -0.2184752879576017,
        0.20735414380355308
      ],
      [
        -0.10890187345035673,
        0.5334616863737192
      ]
    ],
    "trial_variability": [
      [
        0.0,
        1.0
      ],
      [
        0.0,
        1.0
      ],
      [
        0.0,
        1.0
      ],
      [
        0.0,
        1.0
      ],
      [
        0.0,
        1.0
      ],
      [
        0.0,
        1.0
      ],
      [
        0.0,
        1.0
      ],
      [
        0.0,
        1.0
      ]
    ]
  },
  "performance_data": [
    {
      "subject_id": "s.miyama",
      "trial_num": 1,
      "is_expert": 0,
      "perf_block": 1.0,
      "perf_trial_time": 781.4310399999999,
      "perf_trial_error": 0.009331885373947761,
      "perf_jerk": 0.23823026873026598,
      "perf_path_efficiency": 0.04352089782113238,
      "perf_approach_angle": -31.090610448822908,
      "perf_sparc": 5.769436645157065,
      "perf_trial_variability": 0.06091889019472684
    },
    {
      "subject_id": "s.miyama",
      "trial_num": 2,
      "is_expert": 0,
      "perf_block": 1.0,
      "perf_trial_time": 780.9909500000001,
      "perf_trial_error": 0.015043752771499544,
      "perf_jerk": 0.11949348828072694,
      "perf_path_efficiency": 0.11088092462881975,
      "perf_approach_angle": -28.423100066341778,
      "perf_sparc": 7.103057853484029,
      "perf_trial_variability": 0.06091889019472684
    },
    {
      "subject_id": "s.miyama",
      "trial_num": 3,
      "is_expert": 0,
      "perf_block": 1.0,
      "perf_trial_time": 780.53104,
      "perf_trial_error": 0.010686631937612519,
      "perf_jerk": 0.13453860885782903,
      "perf_path_efficiency": 0.18022399752169005,
      "perf_approach_angle": 163.30075576629815,
      "perf_sparc": 5.666466649165219,
      "perf_trial_variability": 0.06091889019472684
    },
    {
      "subject_id": "s.miyama",
      "trial_num": 4,
      "is_expert": 0,
      "perf_block": 1.0,
      "perf_trial_time": 779.65094,
      "perf_trial_error": 0.010831962821211107,
      "perf_jerk": 0.11646129045993998,
      "perf_path_efficiency": 0.0965095128741791,
      "perf_approach_angle": 180.0,
      "perf_sparc": 6.0047583918507295,
      "perf_trial_variability": 0.06091889019472684
    },
    {
      "subject_id": "s.miyama",
      "trial_num": 5,
      "is_expert": 0,
      "perf_block": 1.0,
      "perf_trial_time": 779.96095,
      "perf_trial_error": 0.021802220670839943,
      "perf_jerk": 0.15856447644585642,
      "perf_path_efficiency": 0.02276487457677712,
      "perf_approach_angle": -88.79268073395552,
      "perf_sparc": 5.881690287398657,
      "perf_trial_variability": 0.06091889019472684
    },
    {
      "subject_id": "s.miyama",
      "trial_num": 6,
      "is_expert": 0,
      "perf_block": 1.0,
      "perf_trial_time": 779.67105,
      "perf_trial_error": 0.02340808928446745,
      "perf_jerk": 0.14384936848705374,
      "perf_path_efficiency": 0.11822771876614163,
      "perf_approach_angle": -59.74356283673853,
      "perf_sparc": 6.559379375296442,
      "perf_trial_variability": 0.06091889019472684
    },
    {
      "subject_id": "s.miyama",
      "trial_num": 7,
      "is_expert": 0,
      "perf_block": 1.0,
      "perf_trial_time": 780.1612500000001,
      "perf_trial_error": 0.02357412701268065,
      "perf_jerk": 0.14142058720119943,
      "perf_path_efficiency": 0.10257553233428424,
      "perf_approach_angle": 180.0,
      "perf_sparc": 6.429648055006896,
      "perf_trial_variability": 0.06091889019472684
    },
    {
      "subject_id": "s.miyama",
      "trial_num": 8,
      "is_expert": 0,
      "perf_block": 1.0,
      "perf_trial_time": 778.82124,
      "perf_trial_error": 0.009508055394290678,
      "perf_jerk": 0.1486166362282454,
      "perf_path_efficiency": 0.12752957378981286,
      "perf_approach_angle": -179.3806102967784,
      "perf_sparc": 5.649783089513947,
      "perf_trial_variability": 0.06091889019472684
    },
    {
      "subject_id": "s.miyama",
      "trial_num": 9,
      "is_expert": 0,
      "perf_block": 1.0,
      "perf_trial_time": 778.2512499999999,
      "perf_trial_error": 0.02342605717346817,
      "perf_jerk": 0.13184534779196141,
      "perf_path_efficiency": 0.07736359328838117,
      "perf_approach_angle": -20.61507244407429,
      "perf_sparc": 5.450557621507189,