{
  "reconstruction_mse": 4.582346446113661e-05,
  "correlations": {
    "trial_time": [
      [
        -0.12320078891869143,
        0.480755190897074
      ],
      [
        0.18347333259829665,
        0.29142025972792696
      ],
      [
        0.15732462889525275,
        0.3667479743891401
      ],
      [
        -0.30410558835006285,
        0.07571500612727396
      ]
    ],
    "trial_error": [
      [
        -0.2500653001865144,
        0.14739012729336157
      ],
      [
        0.02323505374576481,
        0.8945999355270212
      ],
      [
        0.0688730206928902,
        0.6942250252464361
      ],
      [
        0.15266334989361297,
        0.38129323626465494
      ]
    ],
    "jerk": [
      [
        0.18881319247745817,
        0.2773579337985028
      ],
      [
        0.3792204803196214,
        0.024660395220468763
      ],
      [
        0.04533036190144829,
        0.7959659855681439
      ],
      [
        -0.23679149077387718,
        0.1708209481092018
      ]
    ],
    "path_efficiency": [
      [
        -0.4024497541497664,
        0.016539317946361896
      ],
      [
        -0.1921664027408438,
        0.2687566578147984
      ],
      [
        0.1916561879985051,
        0.27005400587432477
      ],
      [
        0.14215521904347786,
        0.4152967834568267
      ]
    ],
    "approach_angle": [
      [
        -0.18625806509564025,
        0.284030767244396
      ],
      [
        -0.1858252727453656,
        0.28517120047483185
      ],
      [
        0.15762609914614625,
        0.365818762987468
      ],
      [
        0.35784016334890395,
        0.034808453256314154
      ]
    ],
    "sparc": [
      [
        0.11978268732817823,
        0.4931029606794445
      ],
      [
        -0.032685981746991666,
        0.8521313161360581
      ],
      [
        0.314240165628872,
        0.06599820167087492
      ],
      [
        0.10272144993881413,
        0.5570729211225421
      ]
    ],
    "trial_variability": [
      [
        0.0,
        1.0
      ],
      [
        0.0,
        1.0
      ],
      [
        0.0,
        1.0
      ],
      [
        0.0,
        1.0
      ]
    ]
  },
  "performance_data": [
    {
      "subject_id": "s.miyama",
      "trial_num": 1,
      "is_expert": 0,
      "perf_block": 1.0,
      "perf_trial_time": 781.4310399999999,
      "perf_trial_error": 0.009331885373947761,
      "perf_jerk": 0.23823026873026598,
      "perf_path_efficiency": 0.04352089782113238,
      "perf_approach_angle": -31.090610448822908,
      "perf_sparc": 5.769436645157065,
      "perf_trial_variability": 0.06091889019472684
    },
    {
      "subject_id": "s.miyama",
      "trial_num": 2,
      "is_expert": 0,
      "perf_block": 1.0,
      "perf_trial_time": 780.9909500000001,
      "perf_trial_error": 0.015043752771499544,
      "perf_jerk": 0.11949348828072694,
      "perf_path_efficiency": 0.11088092462881975,
      "perf_approach_angle": -28.423100066341778,
      "perf_sparc": 7.103057853484029,
      "perf_trial_variability": 0.06091889019472684
    },
    {
      "subject_id": "s.miyama",
      "trial_num": 3,
      "is_expert": 0,
      "perf_block": 1.0,
      "perf_trial_time": 780.53104,
      "perf_trial_error": 0.010686631937612519,
      "perf_jerk": 0.13453860885782903,
      "perf_path_efficiency": 0.18022399752169005,
      "perf_approach_angle": 163.30075576629815,
      "perf_sparc": 5.666466649165219,
      "perf_trial_variability": 0.06091889019472684
    },
    {
      "subject_id": "s.miyama",
      "trial_num": 4,
      "is_expert": 0,
      "perf_block": 1.0,
      "perf_trial_time": 779.65094,
      "perf_trial_error": 0.010831962821211107,
      "perf_jerk": 0.11646129045993998,
      "perf_path_efficiency": 0.0965095128741791,
      "perf_approach_angle": 180.0,
      "perf_sparc": 6.0047583918507295,
      "perf_trial_variability": 0.06091889019472684
    },
    {
      "subject_id": "s.miyama",
      "trial_num": 5,
      "is_expert": 0,
      "perf_block": 1.0,
      "perf_trial_time": 779.96095,
      "perf_trial_error": 0.021802220670839943,
      "perf_jerk": 0.15856447644585642,
      "perf_path_efficiency": 0.02276487457677712,
      "perf_approach_angle": -88.79268073395552,
      "perf_sparc": 5.881690287398657,
      "perf_trial_variability": 0.06091889019472684
    },
    {
      "subject_id": "s.miyama",
      "trial_num": 6,
      "is_expert": 0,
      "perf_block": 1.0,
      "perf_trial_time": 779.67105,
      "perf_trial_error": 0.02340808928446745,
      "perf_jerk": 0.14384936848705374,
      "perf_path_efficiency": 0.11822771876614163,
      "perf_approach_angle": -59.74356283673853,
      "perf_sparc": 6.559379375296442,
      "perf_trial_variability": 0.06091889019472684
    },
    {
      "subject_id": "s.miyama",
      "trial_num": 7,
      "is_expert": 0,
      "perf_block": 1.0,
      "perf_trial_time": 780.1612500000001,
      "perf_trial_error": 0.02357412701268065,
      "perf_jerk": 0.14142058720119943,
      "perf_path_efficiency": 0.10257553233428424,
      "perf_approach_angle": 180.0,
      "perf_sparc": 6.429648055006896,
      "perf_trial_variability": 0.06091889019472684
    },
    {
      "subject_id": "s.miyama",
      "trial_num": 8,
      "is_expert": 0,
      "perf_block": 1.0,
      "perf_trial_time": 778.82124,
      "perf_trial_error": 0.009508055394290678,
      "perf_jerk": 0.1486166362282454,
      "perf_path_efficiency": 0.12752957378981286,
      "perf_approach_angle": -179.3806102967784,
      "perf_sparc": 5.649783089513947,
      "perf_trial_variability": 0.06091889019472684
    },
    {
      "subject_id": "s.miyama",
      "trial_num": 9,
      "is_expert": 0,
      "perf_block": 1.0,
      "perf_trial_time": 778.2512499999999,
      "perf_trial_error": 0.02342605717346817,
      "perf_jerk": 0.13184534779196141,
      "perf_path_efficiency": 0.07736359328838117,
      "perf_approach_angle": -20.61507244407429,
      "perf_sparc": 5.450557621507189,
      "perf_trial_variability": 0.06091889019472684
    },
    {
      "subject_id": "s.miyama",
      "trial_num": 10,
      "is_expert": 0,
      "perf_block": 1.0,
      "perf_trial_time": 778.2412400000001,
      "perf_trial_error": 0.021531612526304186,
      "perf_jerk": 0.11002637376682099,
      "perf_path_efficiency": 0.06747590790019609,
      "perf_approach_angle": 179.1777863599227,
      "perf_sparc": 6.347855423812547,
      "perf_trial_variability": 0.06091889019472684
    },
    {
      "subject_id": "s.miyama",
      "trial_num": 11,
      "is_expert": 0,
      "perf_block": 1.0,
      "perf_trial_time": 777.9712000000001,
      "perf_trial_error": 0.010234668098585323,
      "perf_jerk": 0.10836813276553871,
      "perf_path_efficiency": 0.08937778343880687,
      "perf_approach_angle": 0.0,
      "perf_sparc": 5.6280038024743835,
      "perf_trial_variability": 0.06091889019472684
    },
    {
      "subject_id": "s.miyama",
      "trial_num": 12,
      "is_expert": 0,
      "perf_block": 1.0,
      "perf_trial_time": 778.2012,
      "perf_trial_error": 0.026018896977826732,
      "perf_jerk": 0.12724367565893718,
      "perf_path_efficiency": 0.05182545008154572,
      "perf_approach_angle": 0.0,
      "perf_sparc": 5.819785379584859,
      "perf_trial_variability": 0.06091889019472684
    },
    {
      "subject_id": "s.miyama",
      "trial_num": 13,
      "is_expert": 0,
      "perf_block": 1.0,
      "perf_trial_time": 778.7312000000001,
      "perf_trial_error": 0.01458119029415637,
      "perf_jerk": 0.13577941448570496,
      "perf_path_efficiency": 0.13941375764547922,
      "perf_approach_angle": 180.0,
      "perf_sparc": 5.667832359179626,
      "perf_trial_variability": 0.06091889019472684
    },
    {
      "subject_id": "s.miyama",
      "trial_num": 14,
      "is_expert": 0,
      "perf_block": 1.0,
      "perf_trial_time": 777.7212,
      "perf_trial_error": 0.004038906923908982,