{
  "reconstruction_mse": 4.6158937038853765e-05,
  "correlations": {
    "trial_time": [
      [
        0.04486757061524112,
        0.7980057832797796
      ],
      [
        -0.008391762627356015,
        0.9618405049633025
      ],
      [
        -0.025812043163104856,
        0.8829863375873553
      ],
      [
        -0.04511549123539188,
        0.7969128844924467
      ],
      [
        0.09021617545517274,
        0.6062765815219738
      ],
      [
        -0.013440534847467815,
        0.9389172252065854
      ],
      [
        0.016183183125798594,
        0.9264836410063916
      ],
      [
        0.03765757221230104,
        0.8299464442745905
      ]
    ],
    "trial_error": [
      [
        -0.16875105985616728,
        0.33251479666067857
      ],
      [
        0.10890741652048291,
        0.5334407287168144
      ],
      [
        -0.2308009773344509,
        0.18222332999496632
      ],
      [
        -0.1837729198467867,
        0.29061942139739527
      ],
      [
        -0.18195692566247565,
        0.2954955089455455
      ],
      [
        0.21220974387871538,
        0.22100774700003326
      ],
      [
        -0.0705834412520839,
        0.6870106280205209
      ],
      [
        0.3703135404222555,
        0.02854216485415764
      ]
    ],
    "jerk": [
      [
        0.04212350963058861,
        0.8101271036921114
      ],
      [
        0.01638151026659185,
        0.9255851687326875
      ],
      [
        0.13886869902382032,
        0.4262718257622255
      ],
      [
        -0.21877122622617906,
        0.20672402463453135
      ],
      [
        0.1535949678193114,
        0.37835950934327767
      ],
      [
        0.04302608921429671,
        0.8061352032657981
      ],
      [
        -0.23627751286363266,
        0.17177876971963282
      ],
      [
        -0.21650176103270624,
        0.2115902141082803
      ]
    ],
    "path_efficiency": [
      [
        0.3211263062765886,
        0.05997531768258906
      ],
      [
        -0.08190744536205043,
        0.6399562419503037
      ],
      [
        0.25361195546568366,
        0.14154680379181606
      ],
      [
        0.03197055472127183,
        0.8553334061558295
      ],
      [
        0.01614037134534257,
        0.9266776010077624
      ],
      [
        -0.2820953798509646,
        0.10062583959083113
      ],
      [
        -0.015416960566185042,
        0.9299556539810798
      ],
      [
        -0.2587733349811711,
        0.13334897426908335
      ]
    ],
    "approach_angle": [
      [
        -0.14183116219683922,
        0.4163718106742588
      ],
      [
        -0.11735868636742805,
        0.5019567170353328
      ],
      [
        0.06770336758700138,
        0.6991738179548753
      ],
      [
        -0.09230902519871896,
        0.5979139581471445
      ],
      [
        -0.14075684942581407,
        0.41994692035796627
      ],
      [
        0.02257721368499372,
        0.8975681452605618
      ],
      [
        -0.21050412202695212,
        0.22482856524936018
      ],
      [
        -0.12428404629157878,
        0.47687577408378823
      ]
    ],
    "sparc": [
      [
        0.12960864556296653,
        0.458047064144094
      ],
      [
        -0.2211632885692184,
        0.20167941992718783
      ],
      [
        -0.1813860854299436,
        0.29703898810354157
      ],
      [
        -0.026474899172342074,
        0.880002852229822
      ],
      [
        0.08955283177281462,
        0.6089375463037047
      ],
      [
        -0.14084790938958963,
        0.41964322447978614
      ],
      [
        0.18952576266174284,
        0.2755153398133424
      ],
      [
        0.08166111981774274,
        0.6409660536271212
      ]
    ],
    "trial_variability": [
      [
        0.0,
        1.0
      ],
      [
        0.0,
        1.0
      ],
      [
        0.0,
        1.0
      ],
      [
        0.0,
        1.0
      ],
      [
        0.0,
        1.0
      ],
      [
        0.0,
        1.0
      ],
      [
        0.0,
        1.0
      ],
      [
        0.0,
        1.0
      ]
    ]
  },
  "performance_data": [
    {
      "subject_id": "s.miyama",
      "trial_num": 1,
      "is_expert": 0,
      "perf_block": 1.0,
      "perf_trial_time": 781.4310399999999,
      "perf_trial_error": 0.009331885373947761,
      "perf_jerk": 0.23823026873026598,
      "perf_path_efficiency": 0.04352089782113238,
      "perf_approach_angle": -31.090610448822908,
      "perf_sparc": 5.769436645157065,
      "perf_trial_variability": 0.06091889019472684
    },
    {
      "subject_id": "s.miyama",
      "trial_num": 2,
      "is_expert": 0,
      "perf_block": 1.0,
      "perf_trial_time": 780.9909500000001,
      "perf_trial_error": 0.015043752771499544,
      "perf_jerk": 0.11949348828072694,
      "perf_path_efficiency": 0.11088092462881975,
      "perf_approach_angle": -28.423100066341778,
      "perf_sparc": 7.103057853484029,
      "perf_trial_variability": 0.06091889019472684
    },
    {
      "subject_id": "s.miyama",
      "trial_num": 3,
      "is_expert": 0,
      "perf_block": 1.0,
      "perf_trial_time": 780.53104,
      "perf_trial_error": 0.010686631937612519,
      "perf_jerk": 0.13453860885782903,
      "perf_path_efficiency": 0.18022399752169005,
      "perf_approach_angle": 163.30075576629815,
      "perf_sparc": 5.666466649165219,
      "perf_trial_variability": 0.06091889019472684
    },
    {
      "subject_id": "s.miyama",
      "trial_num": 4,
      "is_expert": 0,
      "perf_block": 1.0,
      "perf_trial_time": 779.65094,
      "perf_trial_error": 0.010831962821211107,
      "perf_jerk": 0.11646129045993998,
      "perf_path_efficiency": 0.0965095128741791,
      "perf_approach_angle": 180.0,
      "perf_sparc": 6.0047583918507295,
      "perf_trial_variability": 0.06091889019472684
    },
    {
      "subject_id": "s.miyama",
      "trial_num": 5,
      "is_expert": 0,
      "perf_block": 1.0,
      "perf_trial_time": 779.96095,
      "perf_trial_error": 0.021802220670839943,
      "perf_jerk": 0.15856447644585642,
      "perf_path_efficiency": 0.02276487457677712,
      "perf_approach_angle": -88.79268073395552,
      "perf_sparc": 5.881690287398657,
      "perf_trial_variability": 0.06091889019472684
    },
    {
      "subject_id": "s.miyama",
      "trial_num": 6,
      "is_expert": 0,
      "perf_block": 1.0,
      "perf_trial_time": 779.67105,
      "perf_trial_error": 0.02340808928446745,
      "perf_jerk": 0.14384936848705374,
      "perf_path_efficiency": 0.11822771876614163,
      "perf_approach_angle": -59.74356283673853,
      "perf_sparc": 6.559379375296442,
      "perf_trial_variability": 0.06091889019472684
    },
    {
      "subject_id": "s.miyama",
      "trial_num": 7,
      "is_expert": 0,
      "perf_block": 1.0,
      "perf_trial_time": 780.1612500000001,
      "perf_trial_error": 0.02357412701268065,
      "perf_jerk": 0.14142058720119943,
      "perf_path_efficiency": 0.10257553233428424,
      "perf_approach_angle": 180.0,
      "perf_sparc": 6.429648055006896,
      "perf_trial_variability": 0.06091889019472684
    },
    {
      "subject_id": "s.miyama",
      "trial_num": 8,
      "is_expert": 0,
      "perf_block": 1.0,
      "perf_trial_time": 778.82124,
      "perf_trial_error": 0.009508055394290678,
      "perf_jerk": 0.1486166362282454,
      "perf_path_efficiency": 0.12752957378981286,
      "perf_approach_angle": -179.3806102967784,
      "perf_sparc": 5.649783089513947,
      "perf_trial_variability": 0.06091889019472684
    },
    {
      "subject_id": "s.miyama",
      "trial_num": 9,
      "is_expert": 0,
      "perf_block": 1.0,
      "perf_trial_time": 778.2512499999999,
      "perf_trial_error": 0.02342605717346817,
      "perf_jerk": 0.13184534779196141,
      "perf_path_efficiency": 0.07736359328838117,
      "perf_approach_angle": -20.61507244407429,
      "perf_sparc": 5.450557621507189,