{
  "reconstruction_mse": 4.6611137804575264e-05,
  "correlations": {
    "trial_time": [
      [
        -0.01845230848065177,
        0.916209537868392
      ],
      [
        0.07694667159841814,
        0.660413331894876
      ],
      [
        0.2327376039406091,
        0.17847980431863328
      ],
      [
        0.25908450385258164,
        0.13286619311622744
      ],
      [
        -0.004221148073600245,
        0.9808001413344202
      ],
      [
        -0.03779523637174795,
        0.8293338956549794
      ],
      [
        -0.10567764332487775,
        0.5457189196977645
      ],
      [
        -0.3041986792344577,
        0.07562095278977694
      ]
    ],
    "trial_error": [
      [
        -0.11805966710357069,
        0.4993881416685488
      ],
      [
        -0.31574256614346274,
        0.06464522624409118
      ],
      [
        -0.14301059501377525,
        0.41246668117620683
      ],
      [
        0.1755479111790355,
        0.3131191855636497
      ],
      [
        0.3344306214723063,
        0.04957452239933098
      ],
      [
        0.42441801269139173,
        0.011050118962774759
      ],
      [
        -0.06104105744682323,
        0.7275895073889221
      ],
      [
        0.06352759627745917,
        0.7169398707950446
      ]
    ],
    "jerk": [
      [
        -0.3842429115984969,
        0.022671107108440284
      ],
      [
        -0.05818740002938894,
        0.7398734994222613
      ],
      [
        0.0473306824550772,
        0.7871648246141644
      ],
      [
        0.15014441882894417,
        0.3892919076324329
      ],
      [
        -0.2301577895110389,
        0.1834788155243678
      ],
      [
        0.022279994373862716,
        0.8989096656740659
      ],
      [
        0.16619074565288838,
        0.3400086487008708
      ],
      [
        -0.062246670668918674,
        0.7224195583928062
      ]
    ],
    "path_efficiency": [
      [
        0.22590539296234982,
        0.19193331778828968
      ],
      [
        -0.014956888589881326,
        0.9320410105391238
      ],
      [
        -0.10316276829841396,
        0.5553709829907956
      ],
      [
        -0.2893048964455598,
        0.09186233888105405
      ],
      [
        -0.17950742109014822,
        0.3021548877082655
      ],
      [
        -0.2663994571454286,
        0.12188536746906203
      ],
      [
        -0.19633239667825406,
        0.25831642168155045
      ],
      [
        -0.12207653005699072,
        0.48479871374564154
      ]
    ],
    "approach_angle": [
      [
        0.048394869999475176,
        0.782493002069115
      ],
      [
        -0.09365750381775823,
        0.5925523222846563
      ],
      [
        0.08935500418228878,
        0.6097320786683179
      ],
      [
        0.05980151218502891,
        0.7329173199512805
      ],
      [
        0.07939572654358622,
        0.6502825688003132
      ],
      [
        -0.08951872744615536,
        0.6090744877142946
      ],
      [
        0.07319874993997025,
        0.6760320537345547
      ],
      [
        -0.20632539601092162,
        0.23437886621235327
      ]
    ],
    "sparc": [
      [
        -0.0964392571557543,
        0.581558918319032
      ],
      [
        0.08613003569226738,
        0.6227458505822221
      ],
      [
        -0.007056364704589653,
        0.9679094820445283
      ],
      [
        0.044513664108844386,
        0.7995665494229304
      ],
      [
        -0.046641983309372095,
        0.7901921486658111
      ],
      [
        -0.3607777426789411,
        0.033240253905536254
      ],
      [
        0.21906415166538493,
        0.20610162710367078
      ],
      [
        -0.23907532665514358,
        0.1666110381150754
      ]
    ],
    "trial_variability": [
      [
        0.0,
        1.0
      ],
      [
        0.0,
        1.0
      ],
      [
        0.0,
        1.0
      ],
      [
        0.0,
        1.0
      ],
      [
        0.0,
        1.0
      ],
      [
        0.0,
        1.0
      ],
      [
        0.0,
        1.0
      ],
      [
        0.0,
        1.0
      ]
    ]
  },
  "performance_data": [
    {
      "subject_id": "s.miyama",
      "trial_num": 1,
      "is_expert": 0,
      "perf_block": 1.0,
      "perf_trial_time": 781.4310399999999,
      "perf_trial_error": 0.009331885373947761,
      "perf_jerk": 0.23823026873026598,
      "perf_path_efficiency": 0.04352089782113238,
      "perf_approach_angle": -31.090610448822908,
      "perf_sparc": 5.769436645157065,
      "perf_trial_variability": 0.06091889019472684
    },
    {
      "subject_id": "s.miyama",
      "trial_num": 2,
      "is_expert": 0,
      "perf_block": 1.0,
      "perf_trial_time": 780.9909500000001,
      "perf_trial_error": 0.015043752771499544,
      "perf_jerk": 0.11949348828072694,
      "perf_path_efficiency": 0.11088092462881975,
      "perf_approach_angle": -28.423100066341778,
      "perf_sparc": 7.103057853484029,
      "perf_trial_variability": 0.06091889019472684
    },
    {
      "subject_id": "s.miyama",
      "trial_num": 3,
      "is_expert": 0,
      "perf_block": 1.0,
      "perf_trial_time": 780.53104,
      "perf_trial_error": 0.010686631937612519,
      "perf_jerk": 0.13453860885782903,
      "perf_path_efficiency": 0.18022399752169005,
      "perf_approach_angle": 163.30075576629815,
      "perf_sparc": 5.666466649165219,
      "perf_trial_variability": 0.06091889019472684
    },
    {
      "subject_id": "s.miyama",
      "trial_num": 4,
      "is_expert": 0,
      "perf_block": 1.0,
      "perf_trial_time": 779.65094,
      "perf_trial_error": 0.010831962821211107,
      "perf_jerk": 0.11646129045993998,
      "perf_path_efficiency": 0.0965095128741791,
      "perf_approach_angle": 180.0,
      "perf_sparc": 6.0047583918507295,
      "perf_trial_variability": 0.06091889019472684
    },
    {
      "subject_id": "s.miyama",
      "trial_num": 5,
      "is_expert": 0,
      "perf_block": 1.0,
      "perf_trial_time": 779.96095,
      "perf_trial_error": 0.021802220670839943,
      "perf_jerk": 0.15856447644585642,
      "perf_path_efficiency": 0.02276487457677712,
      "perf_approach_angle": -88.79268073395552,
      "perf_sparc": 5.881690287398657,
      "perf_trial_variability": 0.06091889019472684
    },
    {
      "subject_id": "s.miyama",
      "trial_num": 6,
      "is_expert": 0,
      "perf_block": 1.0,
      "perf_trial_time": 779.67105,
      "perf_trial_error": 0.02340808928446745,
      "perf_jerk": 0.14384936848705374,
      "perf_path_efficiency": 0.11822771876614163,
      "perf_approach_angle": -59.74356283673853,
      "perf_sparc": 6.559379375296442,
      "perf_trial_variability": 0.06091889019472684
    },
    {
      "subject_id": "s.miyama",
      "trial_num": 7,
      "is_expert": 0,
      "perf_block": 1.0,
      "perf_trial_time": 780.1612500000001,
      "perf_trial_error": 0.02357412701268065,
      "perf_jerk": 0.14142058720119943,
      "perf_path_efficiency": 0.10257553233428424,
      "perf_approach_angle": 180.0,
      "perf_sparc": 6.429648055006896,
      "perf_trial_variability": 0.06091889019472684
    },
    {
      "subject_id": "s.miyama",
      "trial_num": 8,
      "is_expert": 0,
      "perf_block": 1.0,
      "perf_trial_time": 778.82124,
      "perf_trial_error": 0.009508055394290678,
      "perf_jerk": 0.1486166362282454,
      "perf_path_efficiency": 0.12752957378981286,
      "perf_approach_angle": -179.3806102967784,
      "perf_sparc": 5.649783089513947,
      "perf_trial_variability": 0.06091889019472684
    },
    {
      "subject_id": "s.miyama",
      "trial_num": 9,
      "is_expert": 0,
      "perf_block": 1.0,
      "perf_trial_time": 778.2512499999999,
      "perf_trial_error": 0.02342605717346817,
      "perf_jerk": 0.13184534779196141,
      "perf_path_efficiency": 0.07736359328838117,
      "perf_approach_angle": -20.61507244407429,
      "perf_sparc": 5.450557621507189,