{
  "reconstruction_mse": 4.607201481121592e-05,
  "correlations": {
    "trial_time": [
      [
        0.25129979302398137,
        0.14533661458037647
      ],
      [
        -0.31326608570519154,
        0.06688722363778805
      ],
      [
        -0.07366562465431872,
        0.6740790146545101
      ],
      [
        0.17668183605370286,
        0.3099540236648143
      ],
      [
        -0.14641777119772897,
        0.40130245392523656
      ],
      [
        -0.3046581698100012,
        0.07515804282391031
      ],
      [
        -0.05113498861135233,
        0.7704985297166554
      ],
      [
        0.03523250548807853,
        0.8407528397959262
      ]
    ],
    "trial_error": [
      [
        0.021855632236870558,
        0.900825530925696
      ],
      [
        0.07538323638577077,
        0.6669119644244161
      ],
      [
        0.14988694638882316,
        0.3901149375716052
      ],
      [
        0.018114025690591395,
        0.9177404021864755
      ],
      [
        -0.253378143668374,
        0.1419267142626701
      ],
      [
        -0.05125056901772035,
        0.7699937207472007
      ],
      [
        0.020771411985806475,
        0.9057229319900849
      ],
      [
        0.2948160023677856,
        0.0855672399587073
      ]
    ],
    "jerk": [
      [
        -0.12926809839571946,
        0.4592392571837628
      ],
      [
        -0.025917633867712283,
        0.8825109714396593
      ],
      [
        -0.10669711949100863,
        0.5418289212972481
      ],
      [
        -0.20611469717140785,
        0.23486755563610365
      ],
      [
        -0.09359834840807166,
        0.5927870863154938
      ],
      [
        -0.0595899249048667,
        0.7338279996461708
      ],
      [
        0.058958378225373496,
        0.7365483208500496
      ],
      [
        -0.16746965594107605,
        0.3362525616899533
      ]
    ],
    "path_efficiency": [
      [
        -0.12018109599931384,
        0.49165543390703215
      ],
      [
        -0.18168267295881083,
        0.29623641281750485
      ],
      [
        -0.15403322065562092,
        0.37698401962946426
      ],
      [
        0.1500491164007935,
        0.38959643145879075
      ],
      [
        -0.010288884007155429,
        0.9532223711963917
      ],
      [
        0.05144656391876166,
        0.7691379059567907
      ],
      [
        -0.06365379322120839,
        0.7164007573963502
      ],
      [
        -0.14324252269473434,
        0.41170120716003966
      ]
    ],
    "approach_angle": [
      [
        0.16365050071499854,
        0.3475449064989768
      ],
      [
        0.023772230213332284,
        0.8921772080881432
      ],
      [
        -0.13817106266847273,
        0.42862209447757305
      ],
      [
        0.1510831491572745,
        0.38629973105315585
      ],
      [
        0.403236103895196,
        0.01630941830164113
      ],
      [
        -0.10521662053771033,
        0.5474823633050653
      ],
      [
        0.13586011483430266,
        0.4364585818760008
      ],
      [
        -0.20882815982438893,
        0.22862653886954923
      ]
    ],
    "sparc": [
      [
        -0.065176143771674,
        0.7099079632072401
      ],
      [
        0.03315996337055149,
        0.8500111574971329
      ],
      [
        -0.3339305419641584,
        0.04993743205540194
      ],
      [
        0.12847640059208804,
        0.462017240887999
      ],
      [
        0.13738071731101784,
        0.4312933532335675
      ],
      [
        0.09139531795834566,
        0.6015588126416861
      ],
      [
        -0.03594306978758408,
        0.8375834207118344
      ],
      [
        -0.062211649430109046,
        0.7225695685112705
      ]
    ],
    "trial_variability": [
      [
        0.0,
        1.0
      ],
      [
        0.0,
        1.0
      ],
      [
        0.0,
        1.0
      ],
      [
        0.0,
        1.0
      ],
      [
        0.0,
        1.0
      ],
      [
        0.0,
        1.0
      ],
      [
        0.0,
        1.0
      ],
      [
        0.0,
        1.0
      ]
    ]
  },
  "performance_data": [
    {
      "subject_id": "s.miyama",
      "trial_num": 1,
      "is_expert": 0,
      "perf_block": 1.0,
      "perf_trial_time": 781.4310399999999,
      "perf_trial_error": 0.009331885373947761,
      "perf_jerk": 0.23823026873026598,
      "perf_path_efficiency": 0.04352089782113238,
      "perf_approach_angle": -31.090610448822908,
      "perf_sparc": 5.769436645157065,
      "perf_trial_variability": 0.06091889019472684
    },
    {
      "subject_id": "s.miyama",
      "trial_num": 2,
      "is_expert": 0,
      "perf_block": 1.0,
      "perf_trial_time": 780.9909500000001,
      "perf_trial_error": 0.015043752771499544,
      "perf_jerk": 0.11949348828072694,
      "perf_path_efficiency": 0.11088092462881975,
      "perf_approach_angle": -28.423100066341778,
      "perf_sparc": 7.103057853484029,
      "perf_trial_variability": 0.06091889019472684
    },
    {
      "subject_id": "s.miyama",
      "trial_num": 3,
      "is_expert": 0,
      "perf_block": 1.0,
      "perf_trial_time": 780.53104,
      "perf_trial_error": 0.010686631937612519,
      "perf_jerk": 0.13453860885782903,
      "perf_path_efficiency": 0.18022399752169005,
      "perf_approach_angle": 163.30075576629815,
      "perf_sparc": 5.666466649165219,
      "perf_trial_variability": 0.06091889019472684
    },
    {
      "subject_id": "s.miyama",
      "trial_num": 4,
      "is_expert": 0,
      "perf_block": 1.0,
      "perf_trial_time": 779.65094,
      "perf_trial_error": 0.010831962821211107,
      "perf_jerk": 0.11646129045993998,
      "perf_path_efficiency": 0.0965095128741791,
      "perf_approach_angle": 180.0,
      "perf_sparc": 6.0047583918507295,
      "perf_trial_variability": 0.06091889019472684
    },
    {
      "subject_id": "s.miyama",
      "trial_num": 5,
      "is_expert": 0,
      "perf_block": 1.0,
      "perf_trial_time": 779.96095,
      "perf_trial_error": 0.021802220670839943,
      "perf_jerk": 0.15856447644585642,
      "perf_path_efficiency": 0.02276487457677712,
      "perf_approach_angle": -88.79268073395552,
      "perf_sparc": 5.881690287398657,
      "perf_trial_variability": 0.06091889019472684
    },
    {
      "subject_id": "s.miyama",
      "trial_num": 6,
      "is_expert": 0,
      "perf_block": 1.0,
      "perf_trial_time": 779.67105,
      "perf_trial_error": 0.02340808928446745,
      "perf_jerk": 0.14384936848705374,
      "perf_path_efficiency": 0.11822771876614163,
      "perf_approach_angle": -59.74356283673853,
      "perf_sparc": 6.559379375296442,
      "perf_trial_variability": 0.06091889019472684
    },
    {
      "subject_id": "s.miyama",
      "trial_num": 7,
      "is_expert": 0,
      "perf_block": 1.0,
      "perf_trial_time": 780.1612500000001,
      "perf_trial_error": 0.02357412701268065,
      "perf_jerk": 0.14142058720119943,
      "perf_path_efficiency": 0.10257553233428424,
      "perf_approach_angle": 180.0,
      "perf_sparc": 6.429648055006896,
      "perf_trial_variability": 0.06091889019472684
    },
    {
      "subject_id": "s.miyama",
      "trial_num": 8,
      "is_expert": 0,
      "perf_block": 1.0,
      "perf_trial_time": 778.82124,
      "perf_trial_error": 0.009508055394290678,
      "perf_jerk": 0.1486166362282454,
      "perf_path_efficiency": 0.12752957378981286,
      "perf_approach_angle": -179.3806102967784,
      "perf_sparc": 5.649783089513947,
      "perf_trial_variability": 0.06091889019472684
    },
    {
      "subject_id": "s.miyama",
      "trial_num": 9,
      "is_expert": 0,
      "perf_block": 1.0,
      "perf_trial_time": 778.2512499999999,
      "perf_trial_error": 0.02342605717346817,
      "perf_jerk": 0.13184534779196141,
      "perf_path_efficiency": 0.07736359328838117,
      "perf_approach_angle": -20.61507244407429,
      "perf_sparc": 5.450557621507189,