{
  "reconstruction_mse": 4.566772622638382e-05,
  "correlations": {
    "trial_time": [
      [
        0.2006289721301571,
        0.24783355891130937
      ],
      [
        -0.033488356632772456,
        0.8485428329803462
      ],
      [
        0.1719364457956195,
        0.3233346641406538
      ],
      [
        0.012407282005335894,
        0.9436052401512871
      ],
      [
        0.2067255677982726,
        0.2334526104895921
      ],
      [
        0.10747442923328175,
        0.5388718486133779
      ],
      [
        0.10504820263708993,
        0.5481272428928096
      ],
      [
        0.3509447512204396,
        0.0387269328113122
      ]
    ],
    "trial_error": [
      [
        0.30872433185027753,
        0.0711571447734908
      ],
      [
        0.15239345240555174,
        0.38214564223615555
      ],
      [
        0.1535037806165589,
        0.37864607721670923
      ],
      [
        0.09581559841021704,
        0.5840156753228528
      ],
      [
        0.18472068380762646,
        0.2880952245910205
      ],
      [
        0.07749549732788552,
        0.6581378120724367
      ],
      [
        0.15943888413489088,
        0.3602608778004066
      ],
      [
        -0.08459042265711741,
        0.6289988692152585
      ]
    ],
    "jerk": [
      [
        -0.0050934974631173455,
        0.9768332395691522
      ],
      [
        0.03106367194906755,
        0.8593956702148426
      ],
      [
        0.04317099416294237,
        0.8054947680149256
      ],
      [
        0.16931739031561643,
        0.3308710384313739
      ],
      [
        0.12136336421766812,
        0.48737277251123123
      ],
      [
        -0.003182038285172061,
        0.985525948756074
      ],
      [
        -0.029861077872544637,
        0.8647879969238518
      ],
      [
        0.45544609137149417,
        0.0059724069149654615
      ]
    ],
    "path_efficiency": [
      [
        -0.0697276510679458,
        0.6906169222074922
      ],
      [
        0.2980203598097756,
        0.08206306818527699
      ],
      [
        -0.23351438057528337,
        0.1769937263184403
      ],
      [
        0.08051114710147704,
        0.6456887327579761
      ],
      [
        -0.04770877149289861,
        0.7855041538631526
      ],
      [
        -0.12064887302736493,
        0.48995865378207876
      ],
      [
        0.1402325986633206,
        0.4216977534863426
      ],
      [
        0.04448437947631163,
        0.7996957321337568
      ]
    ],
    "approach_angle": [
      [
        0.13695637225626103,
        0.4327313702979383
      ],
      [
        0.11366555734079022,
        0.5155985576408932
      ],
      [
        -0.23645521349234708,
        0.17144718387253619
      ],
      [
        0.10142558215036196,
        0.5620843703808539
      ],
      [
        -0.2236972679831693,
        0.19642958379564068
      ],
      [
        0.10379571223666173,
        0.5529342803275389
      ],
      [
        -0.025751787908527904,
        0.8832576229372822
      ],
      [
        0.14530592645036053,
        0.404926445758008
      ]
    ],
    "sparc": [
      [
        -0.15387598749643203,
        0.3774771691516474
      ],
      [
        -0.20979357988427455,
        0.22643347307976072
      ],
      [
        0.10191267086448495,
        0.5601982399744196
      ],
      [
        -0.0655919779316641,
        0.7081379037012308
      ],
      [
        -0.17153178324207163,
        0.32449206175335527
      ],
      [
        -0.27680696982579295,
        0.10744777923463476
      ],
      [
        -0.0436714073556115,
        0.8032840550069734
      ],
      [
        -0.0032618699513145416,
        0.985162860055412
      ]
    ],
    "trial_variability": [
      [
        0.0,
        1.0
      ],
      [
        0.0,
        1.0
      ],
      [
        0.0,
        1.0
      ],
      [
        0.0,
        1.0
      ],
      [
        0.0,
        1.0
      ],
      [
        0.0,
        1.0
      ],
      [
        0.0,
        1.0
      ],
      [
        0.0,
        1.0
      ]
    ]
  },
  "performance_data": [
    {
      "subject_id": "s.miyama",
      "trial_num": 1,
      "is_expert": 0,
      "perf_block": 1.0,
      "perf_trial_time": 781.4310399999999,
      "perf_trial_error": 0.009331885373947761,
      "perf_jerk": 0.23823026873026598,
      "perf_path_efficiency": 0.04352089782113238,
      "perf_approach_angle": -31.090610448822908,
      "perf_sparc": 5.769436645157065,
      "perf_trial_variability": 0.06091889019472684
    },
    {
      "subject_id": "s.miyama",
      "trial_num": 2,
      "is_expert": 0,
      "perf_block": 1.0,
      "perf_trial_time": 780.9909500000001,
      "perf_trial_error": 0.015043752771499544,
      "perf_jerk": 0.11949348828072694,
      "perf_path_efficiency": 0.11088092462881975,
      "perf_approach_angle": -28.423100066341778,
      "perf_sparc": 7.103057853484029,
      "perf_trial_variability": 0.06091889019472684
    },
    {
      "subject_id": "s.miyama",
      "trial_num": 3,
      "is_expert": 0,
      "perf_block": 1.0,
      "perf_trial_time": 780.53104,
      "perf_trial_error": 0.010686631937612519,
      "perf_jerk": 0.13453860885782903,
      "perf_path_efficiency": 0.18022399752169005,
      "perf_approach_angle": 163.30075576629815,
      "perf_sparc": 5.666466649165219,
      "perf_trial_variability": 0.06091889019472684
    },
    {
      "subject_id": "s.miyama",
      "trial_num": 4,
      "is_expert": 0,
      "perf_block": 1.0,
      "perf_trial_time": 779.65094,
      "perf_trial_error": 0.010831962821211107,
      "perf_jerk": 0.11646129045993998,
      "perf_path_efficiency": 0.0965095128741791,
      "perf_approach_angle": 180.0,
      "perf_sparc": 6.0047583918507295,
      "perf_trial_variability": 0.06091889019472684
    },
    {
      "subject_id": "s.miyama",
      "trial_num": 5,
      "is_expert": 0,
      "perf_block": 1.0,
      "perf_trial_time": 779.96095,
      "perf_trial_error": 0.021802220670839943,
      "perf_jerk": 0.15856447644585642,
      "perf_path_efficiency": 0.02276487457677712,
      "perf_approach_angle": -88.79268073395552,
      "perf_sparc": 5.881690287398657,
      "perf_trial_variability": 0.06091889019472684
    },
    {
      "subject_id": "s.miyama",
      "trial_num": 6,
      "is_expert": 0,
      "perf_block": 1.0,
      "perf_trial_time": 779.67105,
      "perf_trial_error": 0.02340808928446745,
      "perf_jerk": 0.14384936848705374,
      "perf_path_efficiency": 0.11822771876614163,
      "perf_approach_angle": -59.74356283673853,
      "perf_sparc": 6.559379375296442,
      "perf_trial_variability": 0.06091889019472684
    },
    {
      "subject_id": "s.miyama",
      "trial_num": 7,
      "is_expert": 0,
      "perf_block": 1.0,
      "perf_trial_time": 780.1612500000001,
      "perf_trial_error": 0.02357412701268065,
      "perf_jerk": 0.14142058720119943,
      "perf_path_efficiency": 0.10257553233428424,
      "perf_approach_angle": 180.0,
      "perf_sparc": 6.429648055006896,
      "perf_trial_variability": 0.06091889019472684
    },
    {
      "subject_id": "s.miyama",
      "trial_num": 8,
      "is_expert": 0,
      "perf_block": 1.0,
      "perf_trial_time": 778.82124,
      "perf_trial_error": 0.009508055394290678,
      "perf_jerk": 0.1486166362282454,
      "perf_path_efficiency": 0.12752957378981286,
      "perf_approach_angle": -179.3806102967784,
      "perf_sparc": 5.649783089513947,
      "perf_trial_variability": 0.06091889019472684
    },
    {
      "subject_id": "s.miyama",
      "trial_num": 9,
      "is_expert": 0,
      "perf_block": 1.0,
      "perf_trial_time": 778.2512499999999,
      "perf_trial_error": 0.02342605717346817,
      "perf_jerk": 0.13184534779196141,
      "perf_path_efficiency": 0.07736359328838117,
      "perf_approach_angle": -20.61507244407429,
      "perf_sparc": 5.450557621507189,