{
  "z_style": {
    "silhouette_score": 0.057021867483854294,
    "adjusted_rand_index": -0.00018049726997879158,
    "n_clusters": 6
  },
  "z_skill": {
    "silhouette_score": 0.0331929549574852,
    "adjusted_rand_index": -0.002433771507150193,
    "n_clusters": 6
  },
  "z_primitive": {
    "silhouette_score": 0.01737929880619049,
    "adjusted_rand_index": -0.011854241187406333,
    "n_clusters": 6
  }
}