{
  "reconstruction_mse": 4.5198317820904776e-05,
  "correlations": {
    "trial_time": [
      [
        0.078122412890993,
        0.6555422109007292
      ],
      [
        0.06168302319608907,
        0.7248351209099019
      ],
      [
        0.0715713923680169,
        0.682855844894845
      ],
      [
        0.11727964814205458,
        0.5022467512621654
      ],
      [
        0.1768199200334318,
        0.30956996662410746
      ],
      [
        0.01104818216744637,
        0.9497744825142591
      ],
      [
        0.3377205922139573,
        0.047239249579032944
      ],
      [
        -0.017768499526274788,
        0.9193043459503549
      ]
    ],
    "trial_error": [
      [
        0.26179639742590616,
        0.1287131643205086
      ],
      [
        -0.036047992825265246,
        0.8371156309880228
      ],
      [
        0.08091280009245462,
        0.6440376735767069
      ],
      [
        0.31450523423004034,
        0.06575789346526523
      ],
      [
        0.0876655907994019,
        0.6165350539422156
      ],
      [
        0.269904339062095,
        0.11687038304039142
      ],
      [
        -0.27162954452253607,
        0.1144593644525561
      ],
      [
        0.3138557695296231,
        0.06634791611534513
      ]
    ],
    "jerk": [
      [
        -0.08434397699515353,
        0.6300021642855432
      ],
      [
        0.0012465940502643866,
        0.994329400339796
      ],
      [
        0.1499500503361062,
        0.38991312781676
      ],
      [
        -0.22846206147158263,
        0.1868180933314998
      ],
      [
        0.3969434198605147,
        0.018226393210643732
      ],
      [
        -0.012499037604699694,
        0.9431888542879003
      ],
      [
        0.12378236929846158,
        0.47867037005825763
      ],
      [
        0.05280426460782787,
        0.7632168991693916
      ]
    ],
    "path_efficiency": [
      [
        -0.0636365741614689,
        0.7164743092918929
      ],
      [
        -0.00385406688848921,
        0.9824695387375116
      ],
      [
        -0.36460127594960956,
        0.03128592335059811
      ],
      [
        0.003194473462140222,
        0.985469391156567
      ],
      [
        0.005261137841641977,
        0.9760709752307909
      ],
      [
        0.052556771007934676,
        0.7642952590156016
      ],
      [
        0.0694113668758291,
        0.6919514436435424
      ],
      [
        -0.2739904680381731,
        0.11122065710190653
      ]
    ],
    "approach_angle": [
      [
        -0.13136824227885502,
        0.45191350278761266
      ],
      [
        -0.2212461331617186,
        0.20150625725143936
      ],
      [
        -0.058143828738504724,
        0.7400615586933178
      ],
      [
        0.2383072796324028,
        0.1680184319030952
      ],
      [
        0.24594493769164852,
        0.15439719605097785
      ],
      [
        -0.33763105824347167,
        0.047301612767053865
      ],
      [
        0.0818432697950834,
        0.6402192685464096
      ],
      [
        0.0004155536248449318,
        0.9981096852975266
      ]
    ],
    "sparc": [
      [
        0.14743183030559287,
        0.39801344149617945
      ],
      [
        -0.2588711022710866,
        0.13319714822488618
      ],
      [
        0.008372944664754776,
        0.9619260130173973
      ],
      [
        -0.057542437776739876,
        0.7426587486677158
      ],
      [
        -0.04736831980500935,
        0.7869994695437391
      ],
      [
        0.15992903760791582,
        0.35876682762699097
      ],
      [
        -0.06474386859463734,
        0.7117495901289735
      ],
      [
        -0.2298372844172782,
        0.18410670892541217
      ]
    ],
    "trial_variability": [
      [
        0.0,
        1.0
      ],
      [
        0.0,
        1.0
      ],
      [
        0.0,
        1.0
      ],
      [
        0.0,
        1.0
      ],
      [
        0.0,
        1.0
      ],
      [
        0.0,
        1.0
      ],
      [
        0.0,
        1.0
      ],
      [
        0.0,
        1.0
      ]
    ]
  },
  "performance_data": [
    {
      "subject_id": "s.miyama",
      "trial_num": 1,
      "is_expert": 0,
      "perf_block": 1.0,
      "perf_trial_time": 781.4310399999999,
      "perf_trial_error": 0.009331885373947761,
      "perf_jerk": 0.23823026873026598,
      "perf_path_efficiency": 0.04352089782113238,
      "perf_approach_angle": -31.090610448822908,
      "perf_sparc": 5.769436645157065,
      "perf_trial_variability": 0.06091889019472684
    },
    {
      "subject_id": "s.miyama",
      "trial_num": 2,
      "is_expert": 0,
      "perf_block": 1.0,
      "perf_trial_time": 780.9909500000001,
      "perf_trial_error": 0.015043752771499544,
      "perf_jerk": 0.11949348828072694,
      "perf_path_efficiency": 0.11088092462881975,
      "perf_approach_angle": -28.423100066341778,
      "perf_sparc": 7.103057853484029,
      "perf_trial_variability": 0.06091889019472684
    },
    {
      "subject_id": "s.miyama",
      "trial_num": 3,
      "is_expert": 0,
      "perf_block": 1.0,
      "perf_trial_time": 780.53104,
      "perf_trial_error": 0.010686631937612519,
      "perf_jerk": 0.13453860885782903,
      "perf_path_efficiency": 0.18022399752169005,
      "perf_approach_angle": 163.30075576629815,
      "perf_sparc": 5.666466649165219,
      "perf_trial_variability": 0.06091889019472684
    },
    {
      "subject_id": "s.miyama",
      "trial_num": 4,
      "is_expert": 0,
      "perf_block": 1.0,
      "perf_trial_time": 779.65094,
      "perf_trial_error": 0.010831962821211107,
      "perf_jerk": 0.11646129045993998,
      "perf_path_efficiency": 0.0965095128741791,
      "perf_approach_angle": 180.0,
      "perf_sparc": 6.0047583918507295,
      "perf_trial_variability": 0.06091889019472684
    },
    {
      "subject_id": "s.miyama",
      "trial_num": 5,
      "is_expert": 0,
      "perf_block": 1.0,
      "perf_trial_time": 779.96095,
      "perf_trial_error": 0.021802220670839943,
      "perf_jerk": 0.15856447644585642,
      "perf_path_efficiency": 0.02276487457677712,
      "perf_approach_angle": -88.79268073395552,
      "perf_sparc": 5.881690287398657,
      "perf_trial_variability": 0.06091889019472684
    },
    {
      "subject_id": "s.miyama",
      "trial_num": 6,
      "is_expert": 0,
      "perf_block": 1.0,
      "perf_trial_time": 779.67105,
      "perf_trial_error": 0.02340808928446745,
      "perf_jerk": 0.14384936848705374,
      "perf_path_efficiency": 0.11822771876614163,
      "perf_approach_angle": -59.74356283673853,
      "perf_sparc": 6.559379375296442,
      "perf_trial_variability": 0.06091889019472684
    },
    {
      "subject_id": "s.miyama",
      "trial_num": 7,
      "is_expert": 0,
      "perf_block": 1.0,
      "perf_trial_time": 780.1612500000001,
      "perf_trial_error": 0.02357412701268065,
      "perf_jerk": 0.14142058720119943,
      "perf_path_efficiency": 0.10257553233428424,
      "perf_approach_angle": 180.0,
      "perf_sparc": 6.429648055006896,
      "perf_trial_variability": 0.06091889019472684
    },
    {
      "subject_id": "s.miyama",
      "trial_num": 8,
      "is_expert": 0,
      "perf_block": 1.0,
      "perf_trial_time": 778.82124,
      "perf_trial_error": 0.009508055394290678,
      "perf_jerk": 0.1486166362282454,
      "perf_path_efficiency": 0.12752957378981286,
      "perf_approach_angle": -179.3806102967784,
      "perf_sparc": 5.649783089513947,
      "perf_trial_variability": 0.06091889019472684
    },
    {
      "subject_id": "s.miyama",
      "trial_num": 9,
      "is_expert": 0,
      "perf_block": 1.0,
      "perf_trial_time": 778.2512499999999,
      "perf_trial_error": 0.02342605717346817,
      "perf_jerk": 0.13184534779196141,
      "perf_path_efficiency": 0.07736359328838117,
      "perf_approach_angle": -20.61507244407429,
      "perf_sparc": 5.450557621507189,