{
  "reconstruction_mse": 4.489779894356616e-05,
  "correlations": {
    "trial_time": [
      [
        -0.03842800085309535,
        0.8265196330001197
      ],
      [
        -0.17171244616627657,
        0.3239750203302764
      ],
      [
        0.00368090883712939,
        0.9832570459670688
      ],
      [
        0.01597269161950242,
        0.9274373187362266
      ],
      [
        -0.07469625658073145,
        0.6697750798360187
      ],
      [
        0.22052048793674817,
        0.20302652547046948
      ],
      [
        0.060012390779309664,
        0.7320100470933164
      ],
      [
        0.050788687532528326,
        0.7720115887024079
      ]
    ],
    "trial_error": [
      [
        0.2979688539834004,
        0.0821185014560128
      ],
      [
        -0.1594773582679842,
        0.3601434692223956
      ],
      [
        -0.1956173304978889,
        0.2600890787418341
      ],
      [
        0.2866117862454999,
        0.09506477624967964
      ],
      [
        0.12614197986863343,
        0.4702602998646671
      ],
      [
        -0.20492237442335914,
        0.23764595865682792
      ],
      [
        0.5032430615593168,
        0.002059615577038384
      ],
      [
        -0.17783381294031164,
        0.30675918440340344
      ]
    ],
    "jerk": [
      [
        -0.30130162107311376,
        0.07859085960728562
      ],
      [
        0.13782877914347544,
        0.4297778373487877
      ],
      [
        -0.307515249616501,
        0.07232901816016346
      ],
      [
        -0.31839637585726244,
        0.06230876914199602
      ],
      [
        0.23967906100134712,
        0.1655106838173858
      ],
      [
        0.302580790462534,
        0.07726856043466894
      ],
      [
        0.14277358021351952,
        0.41324977572111427
      ],
      [
        -0.04601796988574414,
        0.7929377440941086
      ]
    ],
    "path_efficiency": [
      [
        -0.28695356920853476,
        0.09465369485526687
      ],
      [
        -0.1839456101461203,
        0.29015843839188754
      ],
      [
        0.08913964487972582,
        0.6105975224928549
      ],
      [
        0.08486205313936164,
        0.6278938016179945
      ],
      [
        0.16919743701026244,
        0.3312187803482007
      ],
      [
        0.08308870132726212,
        0.6351225427524705
      ],
      [
        -0.24337703485100398,
        0.15888445100117474
      ],
      [
        -0.020743080859900828,
        0.9058509497576315
      ]
    ],
    "approach_angle": [
      [
        0.002347048922250453,
        0.9893237875737699
      ],
      [
        -0.11171054201867144,
        0.5228935933357173
      ],
      [
        0.05443428759705965,
        0.7561257196151682
      ],
      [
        0.09730696310143526,
        0.5781484837875396
      ],
      [
        -0.08798530579665612,
        0.6152451823859576
      ],
      [
        0.0540202871450931,
        0.7579249391615654
      ],
      [
        -0.3272326768648887,
        0.0550058567948697
      ],
      [
        0.028755054241453568,
        0.8697526226491473
      ]
    ],
    "sparc": [
      [
        0.08418868789391626,
        0.6306346901401805
      ],
      [
        0.07776806306105812,
        0.6570088305625535
      ],
      [
        0.3931671107407173,
        0.01946455266575305
      ],
      [
        0.12853377449964207,
        0.46181562177309227
      ],
      [
        -0.08648923076303064,
        0.6212907124299033
      ],
      [
        0.02469397808160318,
        0.8880222670012515
      ],
      [
        -0.4352158348283378,
        0.00897635621451593
      ],
      [
        0.06344207231298349,
        0.7173053057099238
      ]
    ],
    "trial_variability": [
      [
        0.0,
        1.0
      ],
      [
        0.0,
        1.0
      ],
      [
        0.0,
        1.0
      ],
      [
        0.0,
        1.0
      ],
      [
        0.0,
        1.0
      ],
      [
        0.0,
        1.0
      ],
      [
        0.0,
        1.0
      ],
      [
        0.0,
        1.0
      ]
    ]
  },
  "performance_data": [
    {
      "subject_id": "s.miyama",
      "trial_num": 1,
      "is_expert": 0,
      "perf_block": 1.0,
      "perf_trial_time": 781.4310399999999,
      "perf_trial_error": 0.009331885373947761,
      "perf_jerk": 0.23823026873026598,
      "perf_path_efficiency": 0.04352089782113238,
      "perf_approach_angle": -31.090610448822908,
      "perf_sparc": 5.769436645157065,
      "perf_trial_variability": 0.06091889019472684
    },
    {
      "subject_id": "s.miyama",
      "trial_num": 2,
      "is_expert": 0,
      "perf_block": 1.0,
      "perf_trial_time": 780.9909500000001,
      "perf_trial_error": 0.015043752771499544,
      "perf_jerk": 0.11949348828072694,
      "perf_path_efficiency": 0.11088092462881975,
      "perf_approach_angle": -28.423100066341778,
      "perf_sparc": 7.103057853484029,
      "perf_trial_variability": 0.06091889019472684
    },
    {
      "subject_id": "s.miyama",
      "trial_num": 3,
      "is_expert": 0,
      "perf_block": 1.0,
      "perf_trial_time": 780.53104,
      "perf_trial_error": 0.010686631937612519,
      "perf_jerk": 0.13453860885782903,
      "perf_path_efficiency": 0.18022399752169005,
      "perf_approach_angle": 163.30075576629815,
      "perf_sparc": 5.666466649165219,
      "perf_trial_variability": 0.06091889019472684
    },
    {
      "subject_id": "s.miyama",
      "trial_num": 4,
      "is_expert": 0,
      "perf_block": 1.0,
      "perf_trial_time": 779.65094,
      "perf_trial_error": 0.010831962821211107,
      "perf_jerk": 0.11646129045993998,
      "perf_path_efficiency": 0.0965095128741791,
      "perf_approach_angle": 180.0,
      "perf_sparc": 6.0047583918507295,
      "perf_trial_variability": 0.06091889019472684
    },
    {
      "subject_id": "s.miyama",
      "trial_num": 5,
      "is_expert": 0,
      "perf_block": 1.0,
      "perf_trial_time": 779.96095,
      "perf_trial_error": 0.021802220670839943,
      "perf_jerk": 0.15856447644585642,
      "perf_path_efficiency": 0.02276487457677712,
      "perf_approach_angle": -88.79268073395552,
      "perf_sparc": 5.881690287398657,
      "perf_trial_variability": 0.06091889019472684
    },
    {
      "subject_id": "s.miyama",
      "trial_num": 6,
      "is_expert": 0,
      "perf_block": 1.0,
      "perf_trial_time": 779.67105,
      "perf_trial_error": 0.02340808928446745,
      "perf_jerk": 0.14384936848705374,
      "perf_path_efficiency": 0.11822771876614163,
      "perf_approach_angle": -59.74356283673853,
      "perf_sparc": 6.559379375296442,
      "perf_trial_variability": 0.06091889019472684
    },
    {
      "subject_id": "s.miyama",
      "trial_num": 7,
      "is_expert": 0,
      "perf_block": 1.0,
      "perf_trial_time": 780.1612500000001,
      "perf_trial_error": 0.02357412701268065,
      "perf_jerk": 0.14142058720119943,
      "perf_path_efficiency": 0.10257553233428424,
      "perf_approach_angle": 180.0,
      "perf_sparc": 6.429648055006896,
      "perf_trial_variability": 0.06091889019472684
    },
    {
      "subject_id": "s.miyama",
      "trial_num": 8,
      "is_expert": 0,
      "perf_block": 1.0,
      "perf_trial_time": 778.82124,
      "perf_trial_error": 0.009508055394290678,
      "perf_jerk": 0.1486166362282454,
      "perf_path_efficiency": 0.12752957378981286,
      "perf_approach_angle": -179.3806102967784,
      "perf_sparc": 5.649783089513947,
      "perf_trial_variability": 0.06091889019472684
    },
    {
      "subject_id": "s.miyama",
      "trial_num": 9,
      "is_expert": 0,
      "perf_block": 1.0,
      "perf_trial_time": 778.2512499999999,
      "perf_trial_error": 0.02342605717346817,
      "perf_jerk": 0.13184534779196141,
      "perf_path_efficiency": 0.07736359328838117,
      "perf_approach_angle": -20.61507244407429,
      "perf_sparc": 5.450557621507189,