{
  "reconstruction_mse": 4.6134216972859576e-05,
  "correlations": {
    "trial_time": [
      [
        -0.10954078218127775,
        0.531048669085122
      ],
      [
        -0.015449589206055048,
        0.929807776229248
      ],
      [
        0.14030342110894856,
        0.4214609905235517
      ],
      [
        -0.09344637554659345,
        0.5933903918227029
      ],
      [
        0.14836634647646807,
        0.39499618275796944
      ],
      [
        -0.10777357355141512,
        0.5377358917138358
      ],
      [
        -0.32380140805930574,
        0.05775630053690366
      ],
      [
        0.08715629189405436,
        0.6185921230030538
      ]
    ],
    "trial_error": [
      [
        -0.0058750173478186105,
        0.9732798350851306
      ],
      [
        -0.14063042685719582,
        0.4203687588946019
      ],
      [
        0.06356925758031887,
        0.7167618788027436
      ],
      [
        -0.16289310075296531,
        0.3498113741774359
      ],
      [
        0.13250509584401512,
        0.44797436234275345
      ],
      [
        0.029477699636323615,
        0.8665083063846893
      ],
      [
        0.10464284052285044,
        0.5496808582953225
      ],
      [
        -0.2477620433671585,
        0.151277874171088
      ]
    ],
    "jerk": [
      [
        -0.06580587843413037,
        0.7072279893060908
      ],
      [
        0.18978083811776458,
        0.2748576956625272
      ],
      [
        0.13490832281292003,
        0.43970887423725136
      ],
      [
        -0.01225548279569882,
        0.9442941354524419
      ],
      [
        -0.03405375129371692,
        0.8460159953793946
      ],
      [
        -0.23244580056326142,
        0.17904034430079663
      ],
      [
        -0.3657838634003979,
        0.03070086316539977
      ],
      [
        0.19367189863068165,
        0.26495238214238126
      ]
    ],
    "path_efficiency": [
      [
        0.10465197565419948,
        0.5496458236517853
      ],
      [
        -0.057094503626480726,
        0.7445950331161741
      ],
      [
        0.13146098401538675,
        0.4515914594419449
      ],
      [
        -0.06388976458087108,
        0.7153930494595813
      ],
      [
        -0.005437847123454053,
        0.9752674969741233
      ],
      [
        -0.10891006281615163,
        0.5334307235428685
      ],
      [
        -0.00414669229435555,
        0.9811387421473996
      ],
      [
        -0.051973827010699546,
        0.7668369372316618
      ]
    ],
    "approach_angle": [
      [
        -0.12451178594502961,
        0.4760622662275203
      ],
      [
        0.012913061452790992,
        0.9413102044899296
      ],
      [
        -0.08581893601181925,
        0.6240072860235398
      ],
      [
        0.02684754221694626,
        0.8783263129571838
      ],
      [
        0.12751396445870233,
        0.46540633845893914
      ],
      [
        0.172600993072712,
        0.3214395310455184
      ],
      [
        0.056741513091434825,
        0.7461219909417736
      ],
      [
        -0.02030403012574638,
        0.9078351522157107
      ]
    ],
    "sparc": [
      [
        0.06342747968476606,
        0.7173676646431403
      ],
      [
        -0.28569825048733843,
        0.09617023059024246
      ],
      [
        -0.1997703549115439,
        0.24990537355504847
      ],
      [
        0.013356416853249183,
        0.9392988071151973
      ],
      [
        0.05016177514693825,
        0.7747527958088762
      ],
      [
        -0.07789972149845628,
        0.6564637615475979
      ],
      [
        -0.05012600483216041,
        0.7749092845006388
      ],
      [
        0.20692511888273518,
        0.23299164658956942
      ]
    ],
    "trial_variability": [
      [
        0.0,
        1.0
      ],
      [
        0.0,
        1.0
      ],
      [
        0.0,
        1.0
      ],
      [
        0.0,
        1.0
      ],
      [
        0.0,
        1.0
      ],
      [
        0.0,
        1.0
      ],
      [
        0.0,
        1.0
      ],
      [
        0.0,
        1.0
      ]
    ]
  },
  "performance_data": [
    {
      "subject_id": "s.miyama",
      "trial_num": 1,
      "is_expert": 0,
      "perf_block": 1.0,
      "perf_trial_time": 781.4310399999999,
      "perf_trial_error": 0.009331885373947761,
      "perf_jerk": 0.23823026873026598,
      "perf_path_efficiency": 0.04352089782113238,
      "perf_approach_angle": -31.090610448822908,
      "perf_sparc": 5.769436645157065,
      "perf_trial_variability": 0.06091889019472684
    },
    {
      "subject_id": "s.miyama",
      "trial_num": 2,
      "is_expert": 0,
      "perf_block": 1.0,
      "perf_trial_time": 780.9909500000001,
      "perf_trial_error": 0.015043752771499544,
      "perf_jerk": 0.11949348828072694,
      "perf_path_efficiency": 0.11088092462881975,
      "perf_approach_angle": -28.423100066341778,
      "perf_sparc": 7.103057853484029,
      "perf_trial_variability": 0.06091889019472684
    },
    {
      "subject_id": "s.miyama",
      "trial_num": 3,
      "is_expert": 0,
      "perf_block": 1.0,
      "perf_trial_time": 780.53104,
      "perf_trial_error": 0.010686631937612519,
      "perf_jerk": 0.13453860885782903,
      "perf_path_efficiency": 0.18022399752169005,
      "perf_approach_angle": 163.30075576629815,
      "perf_sparc": 5.666466649165219,
      "perf_trial_variability": 0.06091889019472684
    },
    {
      "subject_id": "s.miyama",
      "trial_num": 4,
      "is_expert": 0,
      "perf_block": 1.0,
      "perf_trial_time": 779.65094,
      "perf_trial_error": 0.010831962821211107,
      "perf_jerk": 0.11646129045993998,
      "perf_path_efficiency": 0.0965095128741791,
      "perf_approach_angle": 180.0,
      "perf_sparc": 6.0047583918507295,
      "perf_trial_variability": 0.06091889019472684
    },
    {
      "subject_id": "s.miyama",
      "trial_num": 5,
      "is_expert": 0,
      "perf_block": 1.0,
      "perf_trial_time": 779.96095,
      "perf_trial_error": 0.021802220670839943,
      "perf_jerk": 0.15856447644585642,
      "perf_path_efficiency": 0.02276487457677712,
      "perf_approach_angle": -88.79268073395552,
      "perf_sparc": 5.881690287398657,
      "perf_trial_variability": 0.06091889019472684
    },
    {
      "subject_id": "s.miyama",
      "trial_num": 6,
      "is_expert": 0,
      "perf_block": 1.0,
      "perf_trial_time": 779.67105,
      "perf_trial_error": 0.02340808928446745,
      "perf_jerk": 0.14384936848705374,
      "perf_path_efficiency": 0.11822771876614163,
      "perf_approach_angle": -59.74356283673853,
      "perf_sparc": 6.559379375296442,
      "perf_trial_variability": 0.06091889019472684
    },
    {
      "subject_id": "s.miyama",
      "trial_num": 7,
      "is_expert": 0,
      "perf_block": 1.0,
      "perf_trial_time": 780.1612500000001,
      "perf_trial_error": 0.02357412701268065,
      "perf_jerk": 0.14142058720119943,
      "perf_path_efficiency": 0.10257553233428424,
      "perf_approach_angle": 180.0,
      "perf_sparc": 6.429648055006896,
      "perf_trial_variability": 0.06091889019472684
    },
    {
      "subject_id": "s.miyama",
      "trial_num": 8,
      "is_expert": 0,
      "perf_block": 1.0,
      "perf_trial_time": 778.82124,
      "perf_trial_error": 0.009508055394290678,
      "perf_jerk": 0.1486166362282454,
      "perf_path_efficiency": 0.12752957378981286,
      "perf_approach_angle": -179.3806102967784,
      "perf_sparc": 5.649783089513947,
      "perf_trial_variability": 0.06091889019472684
    },
    {
      "subject_id": "s.miyama",
      "trial_num": 9,
      "is_expert": 0,
      "perf_block": 1.0,
      "perf_trial_time": 778.2512499999999,
      "perf_trial_error": 0.02342605717346817,
      "perf_jerk": 0.13184534779196141,
      "perf_path_efficiency": 0.07736359328838117,
      "perf_approach_angle": -20.61507244407429,
      "perf_sparc": 5.450557621507189,