{
  "reconstruction_mse": 4.6683289838256314e-05,
  "correlations": {
    "trial_time": [
      [
        0.3420898192616111,
        0.044275157307031
      ],
      [
        -0.23753118337208454,
        0.16944920121611262
      ],
      [
        -0.13603855167017898,
        0.4358507078667707
      ],
      [
        -0.04528926776909442,
        0.7961470583906184
      ],
      [
        0.10378574923224325,
        0.5529725970581681
      ],
      [
        0.03681816126118765,
        0.8336835967318551
      ],
      [
        0.06326658008339517,
        0.7180553587499614
      ],
      [
        -0.14191808366012307,
        0.4160833035541494
      ]
    ],
    "trial_error": [
      [
        0.23276836473275953,
        0.17842078697856542
      ],
      [
        0.12662755351387128,
        0.4685393411809067
      ],
      [
        -0.138736229371823,
        0.4267175508248716
      ],
      [
        0.052232182735551275,
        0.7657101905285045
      ],
      [
        -0.07923506085717408,
        0.6509453176300606
      ],
      [
        -0.09228035387527718,
        0.5980281849420201
      ],
      [
        0.09539655984297399,
        0.585668962886023
      ],
      [
        0.053451427611763934,
        0.7603992058222342
      ]
    ],
    "jerk": [
      [
        0.24741073468140065,
        0.15187734641884504
      ],
      [
        -0.05398416538980887,
        0.7580819814913659
      ],
      [
        -0.05531332979943278,
        0.752309647910893
      ],
      [
        -0.025782406147958768,
        0.8831197697608552
      ],
      [
        -0.18938953766919164,
        0.2758669787767248
      ],
      [
        -0.08685193672995208,
        0.6198227832951586
      ],
      [
        -0.03876814573055977,
        0.8250076912522637
      ],
      [
        0.003564280795179414,
        0.9837874686174399
      ]
    ],
    "path_efficiency": [
      [
        0.008040071334776243,
        0.9634386440251335
      ],
      [
        -0.20527893128563363,
        0.23681278427931596
      ],
      [
        -0.3412267741162517,
        0.04484846561265416
      ],
      [
        0.05836546908551333,
        0.7391050848317182
      ],
      [
        0.029787379988977715,
        0.8651186496823239
      ],
      [
        -0.019222203320177687,
        0.9127265702480625
      ],
      [
        0.1199165940538958,
        0.4926161984334439
      ],
      [
        0.13400628278007376,
        0.44280145549834565
      ]
    ],
    "approach_angle": [
      [
        0.14366450528113522,
        0.4103105233198744
      ],
      [
        -0.15500946284717823,
        0.37393060086425045
      ],
      [
        -0.0773732230217678,
        0.6586445205016046
      ],
      [
        0.11018013909389136,
        0.5286392576940813
      ],
      [
        -0.32643771969965646,
        0.05563362176486632
      ],
      [
        0.032761094594782866,
        0.8517952618595299
      ],
      [
        -0.21925883873011984,
        0.20568868168938392
      ],
      [
        0.39841293044964554,
        0.017762688838854103
      ]
    ],
    "sparc": [
      [
        -0.02650706391544762,
        0.8798581211412108
      ],
      [
        0.18779145153623897,
        0.2800139310770108
      ],
      [
        -0.07200360639498646,
        0.6810410575253759
      ],
      [
        0.07545133301515117,
        0.6666284101690164
      ],
      [
        0.30843062274190186,
        0.07144044106082302
      ],
      [
        0.08852307568063822,
        0.6130781385396558
      ],
      [
        -0.102155240319431,
        0.5592600423697354
      ],
      [
        -0.29452048961217037,
        0.08589612089825041
      ]
    ],
    "trial_variability": [
      [
        0.0,
        1.0
      ],
      [
        0.0,
        1.0
      ],
      [
        0.0,
        1.0
      ],
      [
        0.0,
        1.0
      ],
      [
        0.0,
        1.0
      ],
      [
        0.0,
        1.0
      ],
      [
        0.0,
        1.0
      ],
      [
        0.0,
        1.0
      ]
    ]
  },
  "performance_data": [
    {
      "subject_id": "s.miyama",
      "trial_num": 1,
      "is_expert": 0,
      "perf_block": 1.0,
      "perf_trial_time": 781.4310399999999,
      "perf_trial_error": 0.009331885373947761,
      "perf_jerk": 0.23823026873026598,
      "perf_path_efficiency": 0.04352089782113238,
      "perf_approach_angle": -31.090610448822908,
      "perf_sparc": 5.769436645157065,
      "perf_trial_variability": 0.06091889019472684
    },
    {
      "subject_id": "s.miyama",
      "trial_num": 2,
      "is_expert": 0,
      "perf_block": 1.0,
      "perf_trial_time": 780.9909500000001,
      "perf_trial_error": 0.015043752771499544,
      "perf_jerk": 0.11949348828072694,
      "perf_path_efficiency": 0.11088092462881975,
      "perf_approach_angle": -28.423100066341778,
      "perf_sparc": 7.103057853484029,
      "perf_trial_variability": 0.06091889019472684
    },
    {
      "subject_id": "s.miyama",
      "trial_num": 3,
      "is_expert": 0,
      "perf_block": 1.0,
      "perf_trial_time": 780.53104,
      "perf_trial_error": 0.010686631937612519,
      "perf_jerk": 0.13453860885782903,
      "perf_path_efficiency": 0.18022399752169005,
      "perf_approach_angle": 163.30075576629815,
      "perf_sparc": 5.666466649165219,
      "perf_trial_variability": 0.06091889019472684
    },
    {
      "subject_id": "s.miyama",
      "trial_num": 4,
      "is_expert": 0,
      "perf_block": 1.0,
      "perf_trial_time": 779.65094,
      "perf_trial_error": 0.010831962821211107,
      "perf_jerk": 0.11646129045993998,
      "perf_path_efficiency": 0.0965095128741791,
      "perf_approach_angle": 180.0,
      "perf_sparc": 6.0047583918507295,
      "perf_trial_variability": 0.06091889019472684
    },
    {
      "subject_id": "s.miyama",
      "trial_num": 5,
      "is_expert": 0,
      "perf_block": 1.0,
      "perf_trial_time": 779.96095,
      "perf_trial_error": 0.021802220670839943,
      "perf_jerk": 0.15856447644585642,
      "perf_path_efficiency": 0.02276487457677712,
      "perf_approach_angle": -88.79268073395552,
      "perf_sparc": 5.881690287398657,
      "perf_trial_variability": 0.06091889019472684
    },
    {
      "subject_id": "s.miyama",
      "trial_num": 6,
      "is_expert": 0,
      "perf_block": 1.0,
      "perf_trial_time": 779.67105,
      "perf_trial_error": 0.02340808928446745,
      "perf_jerk": 0.14384936848705374,
      "perf_path_efficiency": 0.11822771876614163,
      "perf_approach_angle": -59.74356283673853,
      "perf_sparc": 6.559379375296442,
      "perf_trial_variability": 0.06091889019472684
    },
    {
      "subject_id": "s.miyama",
      "trial_num": 7,
      "is_expert": 0,
      "perf_block": 1.0,
      "perf_trial_time": 780.1612500000001,
      "perf_trial_error": 0.02357412701268065,
      "perf_jerk": 0.14142058720119943,
      "perf_path_efficiency": 0.10257553233428424,
      "perf_approach_angle": 180.0,
      "perf_sparc": 6.429648055006896,
      "perf_trial_variability": 0.06091889019472684
    },
    {
      "subject_id": "s.miyama",
      "trial_num": 8,
      "is_expert": 0,
      "perf_block": 1.0,
      "perf_trial_time": 778.82124,
      "perf_trial_error": 0.009508055394290678,
      "perf_jerk": 0.1486166362282454,
      "perf_path_efficiency": 0.12752957378981286,
      "perf_approach_angle": -179.3806102967784,
      "perf_sparc": 5.649783089513947,
      "perf_trial_variability": 0.06091889019472684
    },
    {
      "subject_id": "s.miyama",
      "trial_num": 9,
      "is_expert": 0,
      "perf_block": 1.0,
      "perf_trial_time": 778.2512499999999,
      "perf_trial_error": 0.02342605717346817,
      "perf_jerk": 0.13184534779196141,
      "perf_path_efficiency": 0.07736359328838117,
      "perf_approach_angle": -20.61507244407429,
      "perf_sparc": 5.450557621507189,