{
  "reconstruction_mse": 4.5492819481296465e-05,
  "correlations": {
    "trial_time": [
      [
        0.038396564144024356,
        0.8266594000243183
      ],
      [
        0.20677799258815685,
        0.2333314493176887
      ],
      [
        0.11146435926779512,
        0.5238157802996611
      ],
      [
        0.25086279796328764,
        0.14606112943436597
      ],
      [
        0.3330575686482966,
        0.05057603936144498
      ],
      [
        0.07123683586514057,
        0.6842617883449105
      ],
      [
        -0.10176691451960615,
        0.5607623384892542
      ],
      [
        0.018076990617044035,
        0.9179080184059336
      ]
    ],
    "trial_error": [
      [
        -0.259564168759788,
        0.13212451847654122
      ],
      [
        0.06476435800975235,
        0.7116622625235021
      ],
      [
        -0.15609822856992428,
        0.37054251046481884
      ],
      [
        -0.1971536622544334,
        0.2562903726175703
      ],
      [
        0.39101240709603247,
        0.020201882708124543
      ],
      [
        -0.11226963235000115,
        0.5208022294575081
      ],
      [
        -0.06149375572963259,
        0.7256468313448525
      ],
      [
        -0.09812741480488016,
        0.5749320547361753
      ]
    ],
    "jerk": [
      [
        0.08430229073713606,
        0.6301719359882473
      ],
      [
        -0.2368453095778204,
        0.17072087536424096
      ],
      [
        -0.14543546601304544,
        0.40450326151738053
      ],
      [
        0.42410250548501693,
        0.011116349506742501
      ],
      [
        0.052226637298396994,
        0.7657343704568643
      ],
      [
        0.02760498046095434,
        0.8749201722354507
      ],
      [
        -0.2712653663397445,
        0.11496517810527372
      ],
      [
        -0.21483312333347732,
        0.21521809566652145
      ]
    ],
    "path_efficiency": [
      [
        0.3483564640780134,
        0.04028698216829313
      ],
      [
        -0.05519735505020539,
        0.7528127856867274
      ],
      [
        0.11854195540232064,
        0.4976247863589863
      ],
      [
        -0.04120356423746365,
        0.8142006614674233
      ],
      [
        -0.3052455066066363,
        0.07456955092899678
      ],
      [
        -0.09255536334874832,
        0.5969329345754102
      ],
      [
        0.1441834202416298,
        0.4086040449764462
      ],
      [
        -0.13016439640132985,
        0.4561050441940012
      ]
    ],
    "approach_angle": [
      [
        -0.22863109285875916,
        0.18648332412170407
      ],
      [
        -0.07983928716031105,
        0.6484542435349515
      ],
      [
        -0.15846011898806292,
        0.3632554022280592
      ],
      [
        -0.22918981221253149,
        0.18537978027898439
      ],
      [
        0.029448803046641638,
        0.8666379968115687
      ],
      [
        0.12562358354738146,
        0.4721012561130508
      ],
      [
        0.07585421972246524,
        0.6649517209828962
      ],
      [
        -0.12740093505857275,
        0.4658052199303136
      ]
    ],
    "sparc": [
      [
        0.05305827998597941,
        0.7621105786298156
      ],
      [
        0.0381043812993954,
        0.827958689548107
      ],
      [
        0.23321104767532064,
        0.1775729931282043
      ],
      [
        -0.17405470454501684,
        0.31731806094616
      ],
      [
        -0.04915186124869297,
        0.7791743204942079
      ],
      [
        0.07747752082005954,
        0.6582122978823913
      ],
      [
        -0.031043061102378304,
        0.8594880355052341
      ],
      [
        0.16142661336711767,
        0.35422509160923576
      ]
    ],
    "trial_variability": [
      [
        0.0,
        1.0
      ],
      [
        0.0,
        1.0
      ],
      [
        0.0,
        1.0
      ],
      [
        0.0,
        1.0
      ],
      [
        0.0,
        1.0
      ],
      [
        0.0,
        1.0
      ],
      [
        0.0,
        1.0
      ],
      [
        0.0,
        1.0
      ]
    ]
  },
  "performance_data": [
    {
      "subject_id": "s.miyama",
      "trial_num": 1,
      "is_expert": 0,
      "perf_block": 1.0,
      "perf_trial_time": 781.4310399999999,
      "perf_trial_error": 0.009331885373947761,
      "perf_jerk": 0.23823026873026598,
      "perf_path_efficiency": 0.04352089782113238,
      "perf_approach_angle": -31.090610448822908,
      "perf_sparc": 5.769436645157065,
      "perf_trial_variability": 0.06091889019472684
    },
    {
      "subject_id": "s.miyama",
      "trial_num": 2,
      "is_expert": 0,
      "perf_block": 1.0,
      "perf_trial_time": 780.9909500000001,
      "perf_trial_error": 0.015043752771499544,
      "perf_jerk": 0.11949348828072694,
      "perf_path_efficiency": 0.11088092462881975,
      "perf_approach_angle": -28.423100066341778,
      "perf_sparc": 7.103057853484029,
      "perf_trial_variability": 0.06091889019472684
    },
    {
      "subject_id": "s.miyama",
      "trial_num": 3,
      "is_expert": 0,
      "perf_block": 1.0,
      "perf_trial_time": 780.53104,
      "perf_trial_error": 0.010686631937612519,
      "perf_jerk": 0.13453860885782903,
      "perf_path_efficiency": 0.18022399752169005,
      "perf_approach_angle": 163.30075576629815,
      "perf_sparc": 5.666466649165219,
      "perf_trial_variability": 0.06091889019472684
    },
    {
      "subject_id": "s.miyama",
      "trial_num": 4,
      "is_expert": 0,
      "perf_block": 1.0,
      "perf_trial_time": 779.65094,
      "perf_trial_error": 0.010831962821211107,
      "perf_jerk": 0.11646129045993998,
      "perf_path_efficiency": 0.0965095128741791,
      "perf_approach_angle": 180.0,
      "perf_sparc": 6.0047583918507295,
      "perf_trial_variability": 0.06091889019472684
    },
    {
      "subject_id": "s.miyama",
      "trial_num": 5,
      "is_expert": 0,
      "perf_block": 1.0,
      "perf_trial_time": 779.96095,
      "perf_trial_error": 0.021802220670839943,
      "perf_jerk": 0.15856447644585642,
      "perf_path_efficiency": 0.02276487457677712,
      "perf_approach_angle": -88.79268073395552,
      "perf_sparc": 5.881690287398657,
      "perf_trial_variability": 0.06091889019472684
    },
    {
      "subject_id": "s.miyama",
      "trial_num": 6,
      "is_expert": 0,
      "perf_block": 1.0,
      "perf_trial_time": 779.67105,
      "perf_trial_error": 0.02340808928446745,
      "perf_jerk": 0.14384936848705374,
      "perf_path_efficiency": 0.11822771876614163,
      "perf_approach_angle": -59.74356283673853,
      "perf_sparc": 6.559379375296442,
      "perf_trial_variability": 0.06091889019472684
    },
    {
      "subject_id": "s.miyama",
      "trial_num": 7,
      "is_expert": 0,
      "perf_block": 1.0,
      "perf_trial_time": 780.1612500000001,
      "perf_trial_error": 0.02357412701268065,
      "perf_jerk": 0.14142058720119943,
      "perf_path_efficiency": 0.10257553233428424,
      "perf_approach_angle": 180.0,
      "perf_sparc": 6.429648055006896,
      "perf_trial_variability": 0.06091889019472684
    },
    {
      "subject_id": "s.miyama",
      "trial_num": 8,
      "is_expert": 0,
      "perf_block": 1.0,
      "perf_trial_time": 778.82124,
      "perf_trial_error": 0.009508055394290678,
      "perf_jerk": 0.1486166362282454,
      "perf_path_efficiency": 0.12752957378981286,
      "perf_approach_angle": -179.3806102967784,
      "perf_sparc": 5.649783089513947,
      "perf_trial_variability": 0.06091889019472684
    },
    {
      "subject_id": "s.miyama",
      "trial_num": 9,
      "is_expert": 0,
      "perf_block": 1.0,
      "perf_trial_time": 778.2512499999999,
      "perf_trial_error": 0.02342605717346817,
      "perf_jerk": 0.13184534779196141,
      "perf_path_efficiency": 0.07736359328838117,
      "perf_approach_angle": -20.61507244407429,
      "perf_sparc": 5.450557621507189,