{
  "reconstruction_mse": 4.595763675752096e-05,
  "correlations": {
    "trial_time": [
      [
        -0.074962227730333,
        0.6686660501509343
      ],
      [
        -0.1387389874828186,
        0.42670826787615773
      ],
      [
        0.021732600335333824,
        0.901381085862242
      ],
      [
        0.13783736444088443,
        0.4297488274367809
      ],
      [
        -0.06384292511216391,
        0.7155930383115171
      ],
      [
        0.06737241043087902,
        0.7005763208697219
      ],
      [
        0.25716959667996386,
        0.13585773486199382
      ],
      [
        -0.05334393007699957,
        0.7608670322118858
      ]
    ],
    "trial_error": [
      [
        -0.12785795194199576,
        0.4641935191853902
      ],
      [
        -0.029404255848076877,
        0.8668379352499086
      ],
      [
        0.16322961753404536,
        0.34880326873427736
      ],
      [
        -0.19295394950685196,
        0.2667621484718737
      ],
      [
        -0.27885772105796774,
        0.10476207209448035
      ],
      [
        0.14482672281834097,
        0.40649411706597716
      ],
      [
        0.22295045637694347,
        0.19796678424476252
      ],
      [
        0.17689136529312902,
        0.3093713715670624
      ]
    ],
    "jerk": [
      [
        0.318686555845452,
        0.06205738376015315
      ],
      [
        -0.09351661507662742,
        0.59311151992534
      ],
      [
        0.20317993344275423,
        0.24174594534623953
      ],
      [
        -0.09657711272769995,
        0.5810164913212641
      ],
      [
        -0.0981991380139777,
        0.5746512612423231
      ],
      [
        -0.1247364906621832,
        0.4752603110487412
      ],
      [
        0.15247687351578113,
        0.3818820579102242
      ],
      [
        -0.021040004170984998,
        0.9045093808206263
      ]
    ],
    "path_efficiency": [
      [
        -0.1285467336892995,
        0.4617700880407819
      ],
      [
        0.09208643591134578,
        0.5988010037313635
      ],
      [
        -0.03451424728827762,
        0.8439590806794005
      ],
      [
        -0.08558041613513603,
        0.6249751403479095
      ],
      [
        0.49640187070372754,
        0.002421345625086838
      ],
      [
        -0.020969497638013625,
        0.904827922424821
      ],
      [
        -0.11777218507883204,
        0.500440744458412
      ],
      [
        -0.13663348286706653,
        0.43382734590664557
      ]
    ],
    "approach_angle": [
      [
        -0.19310217373130964,
        0.26638785044634244
      ],
      [
        -0.018880664077288667,
        0.9142714840691846
      ],
      [
        -0.07157478198950344,
        0.682841605675849
      ],
      [
        0.020474618970184304,
        0.907064144050524
      ],
      [
        -0.26608431280513767,
        0.1223440325658331
      ],
      [
        -0.0004357537307316415,
        0.9980177970749706
      ],
      [
        0.018032495855715914,
        0.918109400862394
      ],
      [
        0.39065649483152215,
        0.020325881577695028
      ]
    ],
    "sparc": [
      [
        0.07665952095447251,
        0.6616051007232165
      ],
      [
        -0.32228238850474644,
        0.05900820947288266
      ],
      [
        -0.06036601197585561,
        0.7304894482243717
      ],
      [
        0.2639965723478112,
        0.12541509584866195
      ],
      [
        0.07409958830233006,
        0.6722655259832566
      ],
      [
        -0.12225376262450662,
        0.4841601126210465
      ],
      [
        0.00214290171479823,
        0.9902523624268496
      ],
      [
        -0.1984355488611544,
        0.2531490673877074
      ]
    ],
    "trial_variability": [
      [
        0.0,
        1.0
      ],
      [
        0.0,
        1.0
      ],
      [
        0.0,
        1.0
      ],
      [
        0.0,
        1.0
      ],
      [
        0.0,
        1.0
      ],
      [
        0.0,
        1.0
      ],
      [
        0.0,
        1.0
      ],
      [
        0.0,
        1.0
      ]
    ]
  },
  "performance_data": [
    {
      "subject_id": "s.miyama",
      "trial_num": 1,
      "is_expert": 0,
      "perf_block": 1.0,
      "perf_trial_time": 781.4310399999999,
      "perf_trial_error": 0.009331885373947761,
      "perf_jerk": 0.23823026873026598,
      "perf_path_efficiency": 0.04352089782113238,
      "perf_approach_angle": -31.090610448822908,
      "perf_sparc": 5.769436645157065,
      "perf_trial_variability": 0.06091889019472684
    },
    {
      "subject_id": "s.miyama",
      "trial_num": 2,
      "is_expert": 0,
      "perf_block": 1.0,
      "perf_trial_time": 780.9909500000001,
      "perf_trial_error": 0.015043752771499544,
      "perf_jerk": 0.11949348828072694,
      "perf_path_efficiency": 0.11088092462881975,
      "perf_approach_angle": -28.423100066341778,
      "perf_sparc": 7.103057853484029,
      "perf_trial_variability": 0.06091889019472684
    },
    {
      "subject_id": "s.miyama",
      "trial_num": 3,
      "is_expert": 0,
      "perf_block": 1.0,
      "perf_trial_time": 780.53104,
      "perf_trial_error": 0.010686631937612519,
      "perf_jerk": 0.13453860885782903,
      "perf_path_efficiency": 0.18022399752169005,
      "perf_approach_angle": 163.30075576629815,
      "perf_sparc": 5.666466649165219,
      "perf_trial_variability": 0.06091889019472684
    },
    {
      "subject_id": "s.miyama",
      "trial_num": 4,
      "is_expert": 0,
      "perf_block": 1.0,
      "perf_trial_time": 779.65094,
      "perf_trial_error": 0.010831962821211107,
      "perf_jerk": 0.11646129045993998,
      "perf_path_efficiency": 0.0965095128741791,
      "perf_approach_angle": 180.0,
      "perf_sparc": 6.0047583918507295,
      "perf_trial_variability": 0.06091889019472684
    },
    {
      "subject_id": "s.miyama",
      "trial_num": 5,
      "is_expert": 0,
      "perf_block": 1.0,
      "perf_trial_time": 779.96095,
      "perf_trial_error": 0.021802220670839943,
      "perf_jerk": 0.15856447644585642,
      "perf_path_efficiency": 0.02276487457677712,
      "perf_approach_angle": -88.79268073395552,
      "perf_sparc": 5.881690287398657,
      "perf_trial_variability": 0.06091889019472684
    },
    {
      "subject_id": "s.miyama",
      "trial_num": 6,
      "is_expert": 0,
      "perf_block": 1.0,
      "perf_trial_time": 779.67105,
      "perf_trial_error": 0.02340808928446745,
      "perf_jerk": 0.14384936848705374,
      "perf_path_efficiency": 0.11822771876614163,
      "perf_approach_angle": -59.74356283673853,
      "perf_sparc": 6.559379375296442,
      "perf_trial_variability": 0.06091889019472684
    },
    {
      "subject_id": "s.miyama",
      "trial_num": 7,
      "is_expert": 0,
      "perf_block": 1.0,
      "perf_trial_time": 780.1612500000001,
      "perf_trial_error": 0.02357412701268065,
      "perf_jerk": 0.14142058720119943,
      "perf_path_efficiency": 0.10257553233428424,
      "perf_approach_angle": 180.0,
      "perf_sparc": 6.429648055006896,
      "perf_trial_variability": 0.06091889019472684
    },
    {
      "subject_id": "s.miyama",
      "trial_num": 8,
      "is_expert": 0,
      "perf_block": 1.0,
      "perf_trial_time": 778.82124,
      "perf_trial_error": 0.009508055394290678,
      "perf_jerk": 0.1486166362282454,
      "perf_path_efficiency": 0.12752957378981286,
      "perf_approach_angle": -179.3806102967784,
      "perf_sparc": 5.649783089513947,
      "perf_trial_variability": 0.06091889019472684
    },
    {
      "subject_id": "s.miyama",
      "trial_num": 9,
      "is_expert": 0,
      "perf_block": 1.0,
      "perf_trial_time": 778.2512499999999,
      "perf_trial_error": 0.02342605717346817,
      "perf_jerk": 0.13184534779196141,
      "perf_path_efficiency": 0.07736359328838117,
      "perf_approach_angle": -20.61507244407429,
      "perf_sparc": 5.450557621507189,