{
  "reconstruction_mse": 4.605624417308718e-05,
  "correlations": {
    "trial_time": [
      [
        -0.26883310096582214,
        0.1183864840769392
      ],
      [
        -0.07750079002101866,
        0.6581158823709652
      ],
      [
        0.20784173962770516,
        0.2308821597714819
      ],
      [
        0.21172285685203313,
        0.2220938808755486
      ],
      [
        -0.1262995489055677,
        0.46970148277848006
      ],
      [
        0.05437160153533827,
        0.7563980684915041
      ],
      [
        -0.19293133191257078,
        0.26681929308308105
      ],
      [
        -0.018696272159109677,
        0.915105688672869
      ]
    ],
    "trial_error": [
      [
        0.010830613948141474,
        0.9507623466940073
      ],
      [
        -0.07099478639608761,
        0.6852796307522238
      ],
      [
        0.18988588096682496,
        0.2745871680290508
      ],
      [
        -0.2567138042006616,
        0.13657704152536967
      ],
      [
        -0.007364518799067538,
        0.9665088459052944
      ],
      [
        -0.03884972124794179,
        0.8246451804254908
      ],
      [
        -0.10681414553556404,
        0.5413832328591514
      ],
      [
        -0.03606278615486545,
        0.8370496807008226
      ]
    ],
    "jerk": [
      [
        0.029726059469646474,
        0.8653937873550409
      ],
      [
        -0.12313503936421427,
        0.4809911830851439
      ],
      [
        0.2222446826677699,
        0.19942720869502897
      ],
      [
        0.30053174611058847,
        0.07939511473536555
      ],
      [
        -0.10064432831968473,
        0.5651156777713069
      ],
      [
        -0.4109611545825117,
        0.014189797522205175
      ],
      [
        0.09832392015270758,
        0.5741628917020096
      ],
      [
        0.11300109488295022,
        0.5180722998247433
      ]
    ],
    "path_efficiency": [
      [
        -0.07848277166228089,
        0.6540520189981014
      ],
      [
        -0.015363937137666143,
        0.9301959688054399
      ],
      [
        -0.04716372534212515,
        0.7878984404193391
      ],
      [
        -0.08663666452419934,
        0.6206938505394817
      ],
      [
        0.17854517256868088,
        0.30479676167029696
      ],
      [
        0.4726063779594148,
        0.004145877900722116
      ],
      [
        -0.06904493900074019,
        0.6934986813342651
      ],
      [
        0.04851342132220919,
        0.7819730170354398
      ]
    ],
    "approach_angle": [
      [
        0.33437410374045307,
        0.049615431511161996
      ],
      [
        -0.1641448975414576,
        0.3460702746541485
      ],
      [
        -0.17333217309597088,
        0.3193623874521216
      ],
      [
        0.14064279266246968,
        0.42032748701680933
      ],
      [
        0.14999660384453933,
        0.38976428605061747
      ],
      [
        -0.06736578089000242,
        0.7006044249573232
      ],
      [
        -0.07182224578950146,
        0.6818023437354973
      ],
      [
        0.0059711146207451545,
        0.9728429348110343
      ]
    ],
    "sparc": [
      [
        -0.15638506517359854,
        0.3696529494659537
      ],
      [
        0.02071488854331377,
        0.9059783426138835
      ],
      [
        -0.22587517737184826,
        0.19199435256903966
      ],
      [
        -0.28587926865935603,
        0.09595040797493945
      ],
      [
        0.01487365562112812,
        0.9324183264331387
      ],
      [
        0.28665893842121015,
        0.09500798275374384
      ],
      [
        -0.008736474959209891,
        0.9602742212226673
      ],
      [
        -0.10381757822248075,
        0.5528501902596913
      ]
    ],
    "trial_variability": [
      [
        0.0,
        1.0
      ],
      [
        0.0,
        1.0
      ],
      [
        0.0,
        1.0
      ],
      [
        0.0,
        1.0
      ],
      [
        0.0,
        1.0
      ],
      [
        0.0,
        1.0
      ],
      [
        0.0,
        1.0
      ],
      [
        0.0,
        1.0
      ]
    ]
  },
  "performance_data": [
    {
      "subject_id": "s.miyama",
      "trial_num": 1,
      "is_expert": 0,
      "perf_block": 1.0,
      "perf_trial_time": 781.4310399999999,
      "perf_trial_error": 0.009331885373947761,
      "perf_jerk": 0.23823026873026598,
      "perf_path_efficiency": 0.04352089782113238,
      "perf_approach_angle": -31.090610448822908,
      "perf_sparc": 5.769436645157065,
      "perf_trial_variability": 0.06091889019472684
    },
    {
      "subject_id": "s.miyama",
      "trial_num": 2,
      "is_expert": 0,
      "perf_block": 1.0,
      "perf_trial_time": 780.9909500000001,
      "perf_trial_error": 0.015043752771499544,
      "perf_jerk": 0.11949348828072694,
      "perf_path_efficiency": 0.11088092462881975,
      "perf_approach_angle": -28.423100066341778,
      "perf_sparc": 7.103057853484029,
      "perf_trial_variability": 0.06091889019472684
    },
    {
      "subject_id": "s.miyama",
      "trial_num": 3,
      "is_expert": 0,
      "perf_block": 1.0,
      "perf_trial_time": 780.53104,
      "perf_trial_error": 0.010686631937612519,
      "perf_jerk": 0.13453860885782903,
      "perf_path_efficiency": 0.18022399752169005,
      "perf_approach_angle": 163.30075576629815,
      "perf_sparc": 5.666466649165219,
      "perf_trial_variability": 0.06091889019472684
    },
    {
      "subject_id": "s.miyama",
      "trial_num": 4,
      "is_expert": 0,
      "perf_block": 1.0,
      "perf_trial_time": 779.65094,
      "perf_trial_error": 0.010831962821211107,
      "perf_jerk": 0.11646129045993998,
      "perf_path_efficiency": 0.0965095128741791,
      "perf_approach_angle": 180.0,
      "perf_sparc": 6.0047583918507295,
      "perf_trial_variability": 0.06091889019472684
    },
    {
      "subject_id": "s.miyama",
      "trial_num": 5,
      "is_expert": 0,
      "perf_block": 1.0,
      "perf_trial_time": 779.96095,
      "perf_trial_error": 0.021802220670839943,
      "perf_jerk": 0.15856447644585642,
      "perf_path_efficiency": 0.02276487457677712,
      "perf_approach_angle": -88.79268073395552,
      "perf_sparc": 5.881690287398657,
      "perf_trial_variability": 0.06091889019472684
    },
    {
      "subject_id": "s.miyama",
      "trial_num": 6,
      "is_expert": 0,
      "perf_block": 1.0,
      "perf_trial_time": 779.67105,
      "perf_trial_error": 0.02340808928446745,
      "perf_jerk": 0.14384936848705374,
      "perf_path_efficiency": 0.11822771876614163,
      "perf_approach_angle": -59.74356283673853,
      "perf_sparc": 6.559379375296442,
      "perf_trial_variability": 0.06091889019472684
    },
    {
      "subject_id": "s.miyama",
      "trial_num": 7,
      "is_expert": 0,
      "perf_block": 1.0,
      "perf_trial_time": 780.1612500000001,
      "perf_trial_error": 0.02357412701268065,
      "perf_jerk": 0.14142058720119943,
      "perf_path_efficiency": 0.10257553233428424,
      "perf_approach_angle": 180.0,
      "perf_sparc": 6.429648055006896,
      "perf_trial_variability": 0.06091889019472684
    },
    {
      "subject_id": "s.miyama",
      "trial_num": 8,
      "is_expert": 0,
      "perf_block": 1.0,
      "perf_trial_time": 778.82124,
      "perf_trial_error": 0.009508055394290678,
      "perf_jerk": 0.1486166362282454,
      "perf_path_efficiency": 0.12752957378981286,
      "perf_approach_angle": -179.3806102967784,
      "perf_sparc": 5.649783089513947,
      "perf_trial_variability": 0.06091889019472684
    },
    {
      "subject_id": "s.miyama",
      "trial_num": 9,
      "is_expert": 0,
      "perf_block": 1.0,
      "perf_trial_time": 778.2512499999999,
      "perf_trial_error": 0.02342605717346817,
      "perf_jerk": 0.13184534779196141,
      "perf_path_efficiency": 0.07736359328838117,
      "perf_approach_angle": -20.61507244407429,
      "perf_sparc": 5.450557621507189,