{
  "reconstruction_mse": 4.648305184673518e-05,
  "correlations": {
    "trial_time": [
      [
        0.29001551886063115,
        0.09103126579189809
      ],
      [
        -0.08795688780909366,
        0.6153597872686888
      ],
      [
        0.12286366663684259,
        0.48196584637289364
      ],
      [
        -0.18697242758522986,
        0.2821548298870931
      ],
      [
        0.2168307715869029,
        0.21087989928960654
      ],
      [
        -0.09314375676138531,
        0.5945925329649945
      ],
      [
        -0.263238512741812,
        0.1265442596071757
      ],
      [
        -0.014759310879441687,
        0.9329367033864241
      ]
    ],
    "trial_error": [
      [
        0.0849914202371669,
        0.6273677800327179
      ],
      [
        0.2218718575153915,
        0.2002017006337235
      ],
      [
        0.027335122706494665,
        0.8761334513052667
      ],
      [
        0.029496847359645417,
        0.8664223716122536
      ],
      [
        -0.32949284772813947,
        0.05325175673865794
      ],
      [
        -0.348403802258776,
        0.04025800057542741
      ],
      [
        -0.2900972627499546,
        0.09093603722850094
      ],
      [
        -0.04495208466737083,
        0.7976331807551031
      ]
    ],
    "jerk": [
      [
        0.06687437416951475,
        0.7026886925548913
      ],
      [
        0.23259860338565966,
        0.17874666206619028
      ],
      [
        0.044022605638381625,
        0.801733434762126
      ],
      [
        -0.23965851123655849,
        0.16554805146981064
      ],
      [
        0.17111856155386246,
        0.3256765907054004
      ],
      [
        -0.1885643682335914,
        0.27800323522437226
      ],
      [
        -0.21583478940959905,
        0.21303522378917017
      ],
      [
        -0.06486089957092991,
        0.7112508428528397
      ]
    ],
    "path_efficiency": [
      [
        -0.22498898909974221,
        0.19379048897143533
      ],
      [
        -0.26929978838460467,
        0.11772419326997463
      ],
      [
        0.13732896375593712,
        0.43146859363812234
      ],
      [
        -0.1709032472397465,
        0.32629486552596704
      ],
      [
        0.13729701605115854,
        0.43157678998289495
      ],
      [
        0.27832303031841893,
        0.10545736446505843
      ],
      [
        0.4849896065729924,
        0.0031486989355274287
      ],
      [
        0.07560852687556102,
        0.6659740286768051
      ]
    ],
    "approach_angle": [
      [
        0.042532375647379835,
        0.8083181939634029
      ],
      [
        -0.01203057909393149,
        0.9453148665266113
      ],
      [
        0.04779701446537274,
        0.7851167001980422
      ],
      [
        -0.3055328031102031,
        0.07428299985053625
      ],
      [
        0.11873925310265437,
        0.4969043335938112
      ],
      [
        0.2579939379724065,
        0.13456389579180986
      ],
      [
        -0.05921214488215457,
        0.7354548669354816
      ],
      [
        -0.01866178614766777,
        0.9152617162260824
      ]
    ],
    "sparc": [
      [
        0.17198756655060954,
        0.32318863365242356
      ],
      [
        -0.013888874806181624,
        0.9368836618998672
      ],
      [
        -0.3415369999018357,
        0.044641703879604255
      ],
      [
        0.08284828251328864,
        0.6361051434664152
      ],
      [
        -0.0445835352051009,
        0.7992583495945389
      ],
      [
        0.02195351206325046,
        0.9003835841591623
      ],
      [
        0.23392915550171747,
        0.17620381636155377
      ],
      [
        -0.1711109257652044,
        0.32569850443029846
      ]
    ],
    "trial_variability": [
      [
        0.0,
        1.0
      ],
      [
        0.0,
        1.0
      ],
      [
        0.0,
        1.0
      ],
      [
        0.0,
        1.0
      ],
      [
        0.0,
        1.0
      ],
      [
        0.0,
        1.0
      ],
      [
        0.0,
        1.0
      ],
      [
        0.0,
        1.0
      ]
    ]
  },
  "performance_data": [
    {
      "subject_id": "s.miyama",
      "trial_num": 1,
      "is_expert": 0,
      "perf_block": 1.0,
      "perf_trial_time": 781.4310399999999,
      "perf_trial_error": 0.009331885373947761,
      "perf_jerk": 0.23823026873026598,
      "perf_path_efficiency": 0.04352089782113238,
      "perf_approach_angle": -31.090610448822908,
      "perf_sparc": 5.769436645157065,
      "perf_trial_variability": 0.06091889019472684
    },
    {
      "subject_id": "s.miyama",
      "trial_num": 2,
      "is_expert": 0,
      "perf_block": 1.0,
      "perf_trial_time": 780.9909500000001,
      "perf_trial_error": 0.015043752771499544,
      "perf_jerk": 0.11949348828072694,
      "perf_path_efficiency": 0.11088092462881975,
      "perf_approach_angle": -28.423100066341778,
      "perf_sparc": 7.103057853484029,
      "perf_trial_variability": 0.06091889019472684
    },
    {
      "subject_id": "s.miyama",
      "trial_num": 3,
      "is_expert": 0,
      "perf_block": 1.0,
      "perf_trial_time": 780.53104,
      "perf_trial_error": 0.010686631937612519,
      "perf_jerk": 0.13453860885782903,
      "perf_path_efficiency": 0.18022399752169005,
      "perf_approach_angle": 163.30075576629815,
      "perf_sparc": 5.666466649165219,
      "perf_trial_variability": 0.06091889019472684
    },
    {
      "subject_id": "s.miyama",
      "trial_num": 4,
      "is_expert": 0,
      "perf_block": 1.0,
      "perf_trial_time": 779.65094,
      "perf_trial_error": 0.010831962821211107,
      "perf_jerk": 0.11646129045993998,
      "perf_path_efficiency": 0.0965095128741791,
      "perf_approach_angle": 180.0,
      "perf_sparc": 6.0047583918507295,
      "perf_trial_variability": 0.06091889019472684
    },
    {
      "subject_id": "s.miyama",
      "trial_num": 5,
      "is_expert": 0,
      "perf_block": 1.0,
      "perf_trial_time": 779.96095,
      "perf_trial_error": 0.021802220670839943,
      "perf_jerk": 0.15856447644585642,
      "perf_path_efficiency": 0.02276487457677712,
      "perf_approach_angle": -88.79268073395552,
      "perf_sparc": 5.881690287398657,
      "perf_trial_variability": 0.06091889019472684
    },
    {
      "subject_id": "s.miyama",
      "trial_num": 6,
      "is_expert": 0,
      "perf_block": 1.0,
      "perf_trial_time": 779.67105,
      "perf_trial_error": 0.02340808928446745,
      "perf_jerk": 0.14384936848705374,
      "perf_path_efficiency": 0.11822771876614163,
      "perf_approach_angle": -59.74356283673853,
      "perf_sparc": 6.559379375296442,
      "perf_trial_variability": 0.06091889019472684
    },
    {
      "subject_id": "s.miyama",
      "trial_num": 7,
      "is_expert": 0,
      "perf_block": 1.0,
      "perf_trial_time": 780.1612500000001,
      "perf_trial_error": 0.02357412701268065,
      "perf_jerk": 0.14142058720119943,
      "perf_path_efficiency": 0.10257553233428424,
      "perf_approach_angle": 180.0,
      "perf_sparc": 6.429648055006896,
      "perf_trial_variability": 0.06091889019472684
    },
    {
      "subject_id": "s.miyama",
      "trial_num": 8,
      "is_expert": 0,
      "perf_block": 1.0,
      "perf_trial_time": 778.82124,
      "perf_trial_error": 0.009508055394290678,
      "perf_jerk": 0.1486166362282454,
      "perf_path_efficiency": 0.12752957378981286,
      "perf_approach_angle": -179.3806102967784,
      "perf_sparc": 5.649783089513947,
      "perf_trial_variability": 0.06091889019472684
    },
    {
      "subject_id": "s.miyama",
      "trial_num": 9,
      "is_expert": 0,
      "perf_block": 1.0,
      "perf_trial_time": 778.2512499999999,
      "perf_trial_error": 0.02342605717346817,
      "perf_jerk": 0.13184534779196141,
      "perf_path_efficiency": 0.07736359328838117,
      "perf_approach_angle": -20.61507244407429,
      "perf_sparc": 5.450557621507189,