{
  "reconstruction_mse": 0.004385654348880053,
  "correlations": {
    "trial_time": [
      [
        -0.14881543208361972,
        0.3935509318363141
      ],
      [
        -0.17003421612410474,
        0.3287976741391861
      ],
      [
        -0.08170560398675236,
        0.6407836437943365
      ],
      [
        -0.24865536481734243,
        0.14976125910065427
      ],
      [
        0.1020147599877887,
        0.5598032962927624
      ],
      [
        -0.13430280284148713,
        0.44178355088513993
      ],
      [
        0.008942343480488016,
        0.9593388772464588
      ],
      [
        -0.18575101483207018,
        0.28536717080114704
      ]
    ],
    "trial_error": [
      [
        0.16614128148939034,
        0.3401544353233151
      ],
      [
        -0.021109132200740538,
        0.9041970813865148
      ],
      [
        0.17740816116659486,
        0.30793723508967413
      ],
      [
        -0.12117665426607821,
        0.4880478327593106
      ],
      [
        -0.20951815000577106,
        0.22705768000039195
      ],
      [
        0.21854445566623176,
        0.20720675132764096
      ],
      [
        -0.041025021003719075,
        0.8149918176746475
      ],
      [
        0.03833744089372612,
        0.8269222750813797
      ]
    ],
    "jerk": [
      [
        -0.16751248650827166,
        0.33612721308559107
      ],
      [
        -0.07935032334591743,
        0.650469831092162
      ],
      [
        -0.1050681960749131,
        0.5480506684148548
      ],
      [
        0.06156687072074163,
        0.7253332285512283
      ],
      [
        -0.27615339904495956,
        0.10831454206624454
      ],
      [
        0.2149679398647947,
        0.21492340637031723
      ],
      [
        -0.1265851907373094,
        0.46868934982575206
      ],
      [
        -0.0904127668912386,
        0.6054889202915135
      ]
    ],
    "path_efficiency": [
      [
        0.0051379094883611184,
        0.9766312951613023
      ],
      [
        -0.017613694061777242,
        0.9200051337908375
      ],
      [
        0.10212097805922737,
        0.55939251604437
      ],
      [
        -0.05773478843789874,
        0.7418277502640477
      ],
      [
        0.09676104577565137,
        0.5802931129167227
      ],
      [
        -0.08739546151192869,
        0.617625755596963
      ],
      [
        -0.1776293044885228,
        0.30732483425361035
      ],
      [
        0.2490703427889714,
        0.1490605151207078
      ]
    ],
    "approach_angle": [
      [
        0.11053948101625549,
        0.5272874147158102
      ],
      [
        -0.08858210053266162,
        0.6128404828001851
      ],
      [
        0.10338177316566728,
        0.5545272940414151
      ],
      [
        -0.19692470400177167,
        0.25685414770963766
      ],
      [
        0.08278028506325472,
        0.6363831625189553
      ],
      [
        -0.21298604195653287,
        0.21928352379176527
      ],
      [
        0.13825751915962153,
        0.4283304414289498
      ],
      [
        0.4216048332173134,
        0.011652616747269548
      ]
    ],
    "sparc": [
      [
        0.16252939606062877,
        0.35090290710093225
      ],
      [
        0.0010617118606160575,
        0.9951703955351621
      ],
      [
        -0.004079055106811995,
        0.9814463370205166
      ],
      [
        -0.1797709910994979,
        0.3014337937013482
      ],
      [
        0.2649050325097221,
        0.12407178764540298
      ],
      [
        -0.29126524814517984,
        0.08958370607884006
      ],
      [
        0.10425786557510959,
        0.5511582503173699
      ],
      [
        0.0815156778796653,
        0.6415625907553805
      ]
    ],
    "trial_variability": [
      [
        0.0,
        1.0
      ],
      [
        0.0,
        1.0
      ],
      [
        0.0,
        1.0
      ],
      [
        0.0,
        1.0
      ],
      [
        0.0,
        1.0
      ],
      [
        0.0,
        1.0
      ],
      [
        0.0,
        1.0
      ],
      [
        0.0,
        1.0
      ]
    ]
  },
  "performance_data": [
    {
      "subject_id": "s.miyama",
      "trial_num": 1,
      "is_expert": 0,
      "perf_block": 1.0,
      "perf_trial_time": 781.4310399999999,
      "perf_trial_error": 0.009331885373947761,
      "perf_jerk": 0.23823026873026598,
      "perf_path_efficiency": 0.04352089782113238,
      "perf_approach_angle": -31.090610448822908,
      "perf_sparc": 5.769436645157065,
      "perf_trial_variability": 0.06091889019472684
    },
    {
      "subject_id": "s.miyama",
      "trial_num": 2,
      "is_expert": 0,
      "perf_block": 1.0,
      "perf_trial_time": 780.9909500000001,
      "perf_trial_error": 0.015043752771499544,
      "perf_jerk": 0.11949348828072694,
      "perf_path_efficiency": 0.11088092462881975,
      "perf_approach_angle": -28.423100066341778,
      "perf_sparc": 7.103057853484029,
      "perf_trial_variability": 0.06091889019472684
    },
    {
      "subject_id": "s.miyama",
      "trial_num": 3,
      "is_expert": 0,
      "perf_block": 1.0,
      "perf_trial_time": 780.53104,
      "perf_trial_error": 0.010686631937612519,
      "perf_jerk": 0.13453860885782903,
      "perf_path_efficiency": 0.18022399752169005,
      "perf_approach_angle": 163.30075576629815,
      "perf_sparc": 5.666466649165219,
      "perf_trial_variability": 0.06091889019472684
    },
    {
      "subject_id": "s.miyama",
      "trial_num": 4,
      "is_expert": 0,
      "perf_block": 1.0,
      "perf_trial_time": 779.65094,
      "perf_trial_error": 0.010831962821211107,
      "perf_jerk": 0.11646129045993998,
      "perf_path_efficiency": 0.0965095128741791,
      "perf_approach_angle": 180.0,
      "perf_sparc": 6.0047583918507295,
      "perf_trial_variability": 0.06091889019472684
    },
    {
      "subject_id": "s.miyama",
      "trial_num": 5,
      "is_expert": 0,
      "perf_block": 1.0,
      "perf_trial_time": 779.96095,
      "perf_trial_error": 0.021802220670839943,
      "perf_jerk": 0.15856447644585642,
      "perf_path_efficiency": 0.02276487457677712,
      "perf_approach_angle": -88.79268073395552,
      "perf_sparc": 5.881690287398657,
      "perf_trial_variability": 0.06091889019472684
    },
    {
      "subject_id": "s.miyama",
      "trial_num": 6,
      "is_expert": 0,
      "perf_block": 1.0,
      "perf_trial_time": 779.67105,
      "perf_trial_error": 0.02340808928446745,
      "perf_jerk": 0.14384936848705374,
      "perf_path_efficiency": 0.11822771876614163,
      "perf_approach_angle": -59.74356283673853,
      "perf_sparc": 6.559379375296442,
      "perf_trial_variability": 0.06091889019472684
    },
    {
      "subject_id": "s.miyama",
      "trial_num": 7,
      "is_expert": 0,
      "perf_block": 1.0,
      "perf_trial_time": 780.1612500000001,
      "perf_trial_error": 0.02357412701268065,
      "perf_jerk": 0.14142058720119943,
      "perf_path_efficiency": 0.10257553233428424,
      "perf_approach_angle": 180.0,
      "perf_sparc": 6.429648055006896,
      "perf_trial_variability": 0.06091889019472684
    },
    {
      "subject_id": "s.miyama",
      "trial_num": 8,
      "is_expert": 0,
      "perf_block": 1.0,
      "perf_trial_time": 778.82124,
      "perf_trial_error": 0.009508055394290678,
      "perf_jerk": 0.1486166362282454,
      "perf_path_efficiency": 0.12752957378981286,
      "perf_approach_angle": -179.3806102967784,
      "perf_sparc": 5.649783089513947,
      "perf_trial_variability": 0.06091889019472684
    },
    {
      "subject_id": "s.miyama",
      "trial_num": 9,
      "is_expert": 0,
      "perf_block": 1.0,
      "perf_trial_time": 778.2512499999999,
      "perf_trial_error": 0.02342605717346817,
      "perf_jerk": 0.13184534779196141,
      "perf_path_efficiency": 0.07736359328838117,
      "perf_approach_angle": -20.61507244407429,
      "perf_sparc": 5.450557621507189,