{
  "reconstruction_mse": 6.065938214305788e-05,
  "correlations": {
    "trial_time": [
      [
        -0.1984242330208808,
        0.2531766848329387
      ],
      [
        -0.11426293091222428,
        0.5133795845119574
      ],
      [
        0.11336504935764763,
        0.5167166009204945
      ],
      [
        -0.053169258172465365,
        0.761627377463457
      ],
      [
        0.01238516254008045,
        0.9437056202350426
      ],
      [
        -0.2737147524353781,
        0.11159528510721256
      ],
      [
        0.100492391342657,
        0.5657060708433342
      ],
      [
        0.1625975172369681,
        0.35069830858076334
      ]
    ],
    "trial_error": [
      [
        -0.1377613380654754,
        0.43000575998792456
      ],
      [
        0.09511366424584636,
        0.5867862780560686
      ],
      [
        0.2580179475609191,
        0.13452634833757263
      ],
      [
        -0.0011402919108462473,
        0.9948129486118462
      ],
      [
        -0.143125727412041,
        0.41208658781392593
      ],
      [
        0.15872710898700076,
        0.3624370789809859
      ],
      [
        -0.3684945417409957,
        0.029393559138182552
      ],
      [
        0.15146340943475217,
        0.38509148325003234
      ]
    ],
    "jerk": [
      [
        -0.27411257100253483,
        0.1110550526908811
      ],
      [
        -0.09308240504194246,
        0.594836379569536
      ],
      [
        -0.14879776102956832,
        0.3936077431738337
      ],
      [
        0.034630246184981464,
        0.8434411034992627
      ],
      [
        -0.14354254296462102,
        0.410712187969719
      ],
      [
        0.01622668364524391,
        0.9262865649212612
      ],
      [
        0.040780596618258697,
        0.816075196437726
      ],
      [
        -0.13244752341000698,
        0.4481733995573405
      ]
    ],
    "path_efficiency": [
      [
        0.3736788786456934,
        0.02702039720269933
      ],
      [
        -0.28138447390382937,
        0.10152323827781971
      ],
      [
        -0.08811656981650683,
        0.614715933257289
      ],
      [
        0.1884031280332352,
        0.2784219160046348
      ],
      [
        0.17479488369389537,
        0.3152323075349624
      ],
      [
        0.09799428781370263,
        0.5754534055395558
      ],
      [
        0.10327224411793699,
        0.5549491663044652
      ],
      [
        0.18637504484638298,
        0.2837230249283351
      ]
    ],
    "approach_angle": [
      [
        0.33300335974132717,
        0.050615908991081995
      ],
      [
        -0.16812943544422815,
        0.3343248233412695
      ],
      [
        0.10182239542535466,
        0.5605475882981681
      ],
      [
        0.05398331856780883,
        0.7580856632345584
      ],
      [
        0.12030743680667834,
        0.49119685822453407
      ],
      [
        0.08697648247739324,
        0.6193190594525948
      ],
      [
        0.18205772375702986,
        0.29522349681157833
      ],
      [
        0.24097489146885537,
        0.16316655621859666
      ]
    ],
    "sparc": [
      [
        0.0190485662473518,
        0.9135119587934662
      ],
      [
        0.16091155636576415,
        0.35578319409592596
      ],
      [
        0.0004384134612252441,
        0.9980056982339218
      ],
      [
        0.19561283604275992,
        0.26010024587462005
      ],
      [
        -0.15387883934121693,
        0.377468221188223
      ],
      [
        -0.2680866487797745,
        0.11945158454134414
      ],
      [
        0.039038841235555025,
        0.8238048934894342
      ],
      [
        0.13154365029687268,
        0.45130450724279986
      ]
    ],
    "trial_variability": [
      [
        0.0,
        1.0
      ],
      [
        0.0,
        1.0
      ],
      [
        0.0,
        1.0
      ],
      [
        0.0,
        1.0
      ],
      [
        0.0,
        1.0
      ],
      [
        0.0,
        1.0
      ],
      [
        0.0,
        1.0
      ],
      [
        0.0,
        1.0
      ]
    ]
  },
  "performance_data": [
    {
      "subject_id": "s.miyama",
      "trial_num": 1,
      "is_expert": 0,
      "perf_block": 1.0,
      "perf_trial_time": 781.4310399999999,
      "perf_trial_error": 0.009331885373947761,
      "perf_jerk": 0.23823026873026598,
      "perf_path_efficiency": 0.04352089782113238,
      "perf_approach_angle": -31.090610448822908,
      "perf_sparc": 5.769436645157065,
      "perf_trial_variability": 0.06091889019472684
    },
    {
      "subject_id": "s.miyama",
      "trial_num": 2,
      "is_expert": 0,
      "perf_block": 1.0,
      "perf_trial_time": 780.9909500000001,
      "perf_trial_error": 0.015043752771499544,
      "perf_jerk": 0.11949348828072694,
      "perf_path_efficiency": 0.11088092462881975,
      "perf_approach_angle": -28.423100066341778,
      "perf_sparc": 7.103057853484029,
      "perf_trial_variability": 0.06091889019472684
    },
    {
      "subject_id": "s.miyama",
      "trial_num": 3,
      "is_expert": 0,
      "perf_block": 1.0,
      "perf_trial_time": 780.53104,
      "perf_trial_error": 0.010686631937612519,
      "perf_jerk": 0.13453860885782903,
      "perf_path_efficiency": 0.18022399752169005,
      "perf_approach_angle": 163.30075576629815,
      "perf_sparc": 5.666466649165219,
      "perf_trial_variability": 0.06091889019472684
    },
    {
      "subject_id": "s.miyama",
      "trial_num": 4,
      "is_expert": 0,
      "perf_block": 1.0,
      "perf_trial_time": 779.65094,
      "perf_trial_error": 0.010831962821211107,
      "perf_jerk": 0.11646129045993998,
      "perf_path_efficiency": 0.0965095128741791,
      "perf_approach_angle": 180.0,
      "perf_sparc": 6.0047583918507295,
      "perf_trial_variability": 0.06091889019472684
    },
    {
      "subject_id": "s.miyama",
      "trial_num": 5,
      "is_expert": 0,
      "perf_block": 1.0,
      "perf_trial_time": 779.96095,
      "perf_trial_error": 0.021802220670839943,
      "perf_jerk": 0.15856447644585642,
      "perf_path_efficiency": 0.02276487457677712,
      "perf_approach_angle": -88.79268073395552,
      "perf_sparc": 5.881690287398657,
      "perf_trial_variability": 0.06091889019472684
    },
    {
      "subject_id": "s.miyama",
      "trial_num": 6,
      "is_expert": 0,
      "perf_block": 1.0,
      "perf_trial_time": 779.67105,
      "perf_trial_error": 0.02340808928446745,
      "perf_jerk": 0.14384936848705374,
      "perf_path_efficiency": 0.11822771876614163,
      "perf_approach_angle": -59.74356283673853,
      "perf_sparc": 6.559379375296442,
      "perf_trial_variability": 0.06091889019472684
    },
    {
      "subject_id": "s.miyama",
      "trial_num": 7,
      "is_expert": 0,
      "perf_block": 1.0,
      "perf_trial_time": 780.1612500000001,
      "perf_trial_error": 0.02357412701268065,
      "perf_jerk": 0.14142058720119943,
      "perf_path_efficiency": 0.10257553233428424,
      "perf_approach_angle": 180.0,
      "perf_sparc": 6.429648055006896,
      "perf_trial_variability": 0.06091889019472684
    },
    {
      "subject_id": "s.miyama",
      "trial_num": 8,
      "is_expert": 0,
      "perf_block": 1.0,
      "perf_trial_time": 778.82124,
      "perf_trial_error": 0.009508055394290678,
      "perf_jerk": 0.1486166362282454,
      "perf_path_efficiency": 0.12752957378981286,
      "perf_approach_angle": -179.3806102967784,
      "perf_sparc": 5.649783089513947,
      "perf_trial_variability": 0.06091889019472684
    },
    {
      "subject_id": "s.miyama",
      "trial_num": 9,
      "is_expert": 0,
      "perf_block": 1.0,
      "perf_trial_time": 778.2512499999999,
      "perf_trial_error": 0.02342605717346817,
      "perf_jerk": 0.13184534779196141,
      "perf_path_efficiency": 0.07736359328838117,
      "perf_approach_angle": -20.61507244407429,
      "perf_sparc": 5.450557621507189,