{
  "reconstruction_mse": 4.551849269773811e-05,
  "correlations": {
    "trial_time": [
      [
        0.180327333469933,
        0.29991530265300237
      ],
      [
        0.2174019024828598,
        0.20965076974466415
      ],
      [
        -0.22031542251705594,
        0.20345758904210196
      ],
      [
        0.37357160754928115,
        0.027067851886508665
      ],
      [
        0.1000703868030016,
        0.5673473663439682
      ],
      [
        0.15503481238005265,
        0.3738515093678338
      ],
      [
        -0.007919069775871007,
        0.963988526331791
      ],
      [
        -0.011763521025740326,
        0.9465270273293535
      ]
    ],
    "trial_error": [
      [
        0.5813863504924732,
        0.0002496109992829003
      ],
      [
        -0.18232417111527885,
        0.29450523668134526
      ],
      [
        0.015494809817895458,
        0.9296028336476656
      ],
      [
        0.2976840259229956,
        0.08242557130932023
      ],
      [
        0.07314413746474481,
        0.6762606458536197
      ],
      [
        0.014123716931525102,
        0.9358186298112567
      ],
      [
        0.18409600381043695,
        0.2897573570486295
      ],
      [
        0.11997792094809748,
        0.49239335204546836
      ]
    ],
    "jerk": [
      [
        -0.15617043954698284,
        0.37031844460305824
      ],
      [
        0.17648007868415488,
        0.3105157166686904
      ],
      [
        -0.08982791578575072,
        0.6078334610406276
      ],
      [
        0.17941527275326394,
        0.30240725185762
      ],
      [
        -0.040191296667902776,
        0.8186885658484016
      ],
      [
        0.05942004852323146,
        0.734559412683895
      ],
      [
        0.13722356695885954,
        0.431825594712904
      ],
      [
        -0.058535692334641884,
        0.738370759146591
      ]
    ],
    "path_efficiency": [
      [
        -0.0844276426095591,
        0.6296614834491354
      ],
      [
        0.33530723288302733,
        0.04894345363978811
      ],
      [
        0.20394078807527435,
        0.2399498445182228
      ],
      [
        -0.07157920094165358,
        0.6828230425767662
      ],
      [
        0.12169686600728638,
        0.4861681756425912
      ],
      [
        0.1498879983971487,
        0.39011157269718144
      ],
      [
        -0.38665259450830697,
        0.021764974435637848
      ],
      [
        0.10442683621233619,
        0.5505095740057508
      ]
    ],
    "approach_angle": [
      [
        0.0967581005615924,
        0.5803046927873656
      ],
      [
        0.05460854859045622,
        0.7553687688248386
      ],
      [
        0.06623874077271734,
        0.7053878509642586
      ],
      [
        -0.1669458769861501,
        0.3377877808641827
      ],
      [
        0.20727241383275302,
        0.2321908626424757
      ],
      [
        -0.028483587617699882,
        0.8709719153508843
      ],
      [
        0.3163548258668941,
        0.06410015995756094
      ],
      [
        -0.06846345691690565,
        0.6959564845237747
      ]
    ],
    "sparc": [
      [
        -0.08443980909841006,
        0.6296119485683442
      ],
      [
        -0.019482795357847242,
        0.9115480231136129
      ],
      [
        -0.12338015882534772,
        0.48011169183552044
      ],
      [
        0.40557378897627183,
        0.015641714649807605
      ],
      [
        0.024676532843817673,
        0.8881008776009071
      ],
      [
        0.046543521924339436,
        0.7906252046312919
      ],
      [
        -0.27244392849082605,
        0.1133342971918612
      ],
      [
        0.10182756983581713,
        0.5605275616213637
      ]
    ],
    "trial_variability": [
      [
        0.0,
        1.0
      ],
      [
        0.0,
        1.0
      ],
      [
        0.0,
        1.0
      ],
      [
        0.0,
        1.0
      ],
      [
        0.0,
        1.0
      ],
      [
        0.0,
        1.0
      ],
      [
        0.0,
        1.0
      ],
      [
        0.0,
        1.0
      ]
    ]
  },
  "performance_data": [
    {
      "subject_id": "s.miyama",
      "trial_num": 1,
      "is_expert": 0,
      "perf_block": 1.0,
      "perf_trial_time": 781.4310399999999,
      "perf_trial_error": 0.009331885373947761,
      "perf_jerk": 0.23823026873026598,
      "perf_path_efficiency": 0.04352089782113238,
      "perf_approach_angle": -31.090610448822908,
      "perf_sparc": 5.769436645157065,
      "perf_trial_variability": 0.06091889019472684
    },
    {
      "subject_id": "s.miyama",
      "trial_num": 2,
      "is_expert": 0,
      "perf_block": 1.0,
      "perf_trial_time": 780.9909500000001,
      "perf_trial_error": 0.015043752771499544,
      "perf_jerk": 0.11949348828072694,
      "perf_path_efficiency": 0.11088092462881975,
      "perf_approach_angle": -28.423100066341778,
      "perf_sparc": 7.103057853484029,
      "perf_trial_variability": 0.06091889019472684
    },
    {
      "subject_id": "s.miyama",
      "trial_num": 3,
      "is_expert": 0,
      "perf_block": 1.0,
      "perf_trial_time": 780.53104,
      "perf_trial_error": 0.010686631937612519,
      "perf_jerk": 0.13453860885782903,
      "perf_path_efficiency": 0.18022399752169005,
      "perf_approach_angle": 163.30075576629815,
      "perf_sparc": 5.666466649165219,
      "perf_trial_variability": 0.06091889019472684
    },
    {
      "subject_id": "s.miyama",
      "trial_num": 4,
      "is_expert": 0,
      "perf_block": 1.0,
      "perf_trial_time": 779.65094,
      "perf_trial_error": 0.010831962821211107,
      "perf_jerk": 0.11646129045993998,
      "perf_path_efficiency": 0.0965095128741791,
      "perf_approach_angle": 180.0,
      "perf_sparc": 6.0047583918507295,
      "perf_trial_variability": 0.06091889019472684
    },
    {
      "subject_id": "s.miyama",
      "trial_num": 5,
      "is_expert": 0,
      "perf_block": 1.0,
      "perf_trial_time": 779.96095,
      "perf_trial_error": 0.021802220670839943,
      "perf_jerk": 0.15856447644585642,
      "perf_path_efficiency": 0.02276487457677712,
      "perf_approach_angle": -88.79268073395552,
      "perf_sparc": 5.881690287398657,
      "perf_trial_variability": 0.06091889019472684
    },
    {
      "subject_id": "s.miyama",
      "trial_num": 6,
      "is_expert": 0,
      "perf_block": 1.0,
      "perf_trial_time": 779.67105,
      "perf_trial_error": 0.02340808928446745,
      "perf_jerk": 0.14384936848705374,
      "perf_path_efficiency": 0.11822771876614163,
      "perf_approach_angle": -59.74356283673853,
      "perf_sparc": 6.559379375296442,
      "perf_trial_variability": 0.06091889019472684
    },
    {
      "subject_id": "s.miyama",
      "trial_num": 7,
      "is_expert": 0,
      "perf_block": 1.0,
      "perf_trial_time": 780.1612500000001,
      "perf_trial_error": 0.02357412701268065,
      "perf_jerk": 0.14142058720119943,
      "perf_path_efficiency": 0.10257553233428424,
      "perf_approach_angle": 180.0,
      "perf_sparc": 6.429648055006896,
      "perf_trial_variability": 0.06091889019472684
    },
    {
      "subject_id": "s.miyama",
      "trial_num": 8,
      "is_expert": 0,
      "perf_block": 1.0,
      "perf_trial_time": 778.82124,
      "perf_trial_error": 0.009508055394290678,
      "perf_jerk": 0.1486166362282454,
      "perf_path_efficiency": 0.12752957378981286,
      "perf_approach_angle": -179.3806102967784,
      "perf_sparc": 5.649783089513947,
      "perf_trial_variability": 0.06091889019472684
    },
    {
      "subject_id": "s.miyama",
      "trial_num": 9,
      "is_expert": 0,
      "perf_block": 1.0,
      "perf_trial_time": 778.2512499999999,
      "perf_trial_error": 0.02342605717346817,
      "perf_jerk": 0.13184534779196141,
      "perf_path_efficiency": 0.07736359328838117,
      "perf_approach_angle": -20.61507244407429,
      "perf_sparc": 5.450557621507189,